SuperWEB2(tm),,,,
,,,,
Census 2022-Household-2Ev1,,,,
Scotland's Census 2022 - National Records of Scotland Table UV416 - Household tenure by age of Household Reference Person All Household Reference Persons aged 16 and over,,,,
United Kingdom Parliamentary Constituency 2024 and Age of Household Reference Person by Household Tenure,,,,
Counting: Households,,,,
,,,,
Filters:,,,,
Default Summation,Households,,,
,,,,
Counting,United Kingdom Parliamentary Constituency 2024,Age of Household Reference Person,Household Tenure,Count
Households,East Renfrewshire,All Household Reference Persons aged 16 and over,All Household Reference Persons aged 16 and over,39732
Households,East Renfrewshire,All Household Reference Persons aged 16 and over,Owned: Total,32819
Households,East Renfrewshire,All Household Reference Persons aged 16 and over,Owned: Owned outright,17721
Households,East Renfrewshire,All Household Reference Persons aged 16 and over,Owned: Owned with a mortgage or loan,14911
Households,East Renfrewshire,All Household Reference Persons aged 16 and over,Owned: Shared ownership (part owned and part rented),42
Households,East Renfrewshire,All Household Reference Persons aged 16 and over,Owned: Shared Equity (e.g. LIFT or Help-to-Buy),150
Households,East Renfrewshire,All Household Reference Persons aged 16 and over,Social Rented: Council (LA) or Housing Association/ Registered Social Landlord,4275
Households,East Renfrewshire,All Household Reference Persons aged 16 and over,Private rented: Total,2280
Households,East Renfrewshire,All Household Reference Persons aged 16 and over,Private rented: Private landlord or letting agency,2177
Households,East Renfrewshire,All Household Reference Persons aged 16 and over,Private rented: Other,104
Households,East Renfrewshire,All Household Reference Persons aged 16 and over,Lives Rent Free,351
Households,East Renfrewshire,Household Reference Person ages 16 to 34,All Household Reference Persons aged 16 and over,3349
Households,East Renfrewshire,Household Reference Person ages 16 to 34,Owned: Total,2164
Households,East Renfrewshire,Household Reference Person ages 16 to 34,Owned: Owned outright,301
Households,East Renfrewshire,Household Reference Person ages 16 to 34,Owned: Owned with a mortgage or loan,1838
Households,East Renfrewshire,Household Reference Person ages 16 to 34,Owned: Shared ownership (part owned and part rented),2
Households,East Renfrewshire,Household Reference Person ages 16 to 34,Owned: Shared Equity (e.g. LIFT or Help-to-Buy),24
Households,East Renfrewshire,Household Reference Person ages 16 to 34,Social Rented: Council (LA) or Housing Association/ Registered Social Landlord,609
Households,East Renfrewshire,Household Reference Person ages 16 to 34,Private rented: Total,525
Households,East Renfrewshire,Household Reference Person ages 16 to 34,Private rented: Private landlord or letting agency,507
Households,East Renfrewshire,Household Reference Person ages 16 to 34,Private rented: Other,19
Households,East Renfrewshire,Household Reference Person ages 16 to 34,Lives Rent Free,52
Households,East Renfrewshire,Household Reference Person is aged 35 to 49,All Household Reference Persons aged 16 and over,9937
Households,East Renfrewshire,Household Reference Person is aged 35 to 49,Owned: Total,8061
Households,East Renfrewshire,Household Reference Person is aged 35 to 49,Owned: Owned outright,1041
Households,East Renfrewshire,Household Reference Person is aged 35 to 49,Owned: Owned with a mortgage or loan,6950
Households,East Renfrewshire,Household Reference Person is aged 35 to 49,Owned: Shared ownership (part owned and part rented),10
Households,East Renfrewshire,Household Reference Person is aged 35 to 49,Owned: Shared Equity (e.g. LIFT or Help-to-Buy),60
Households,East Renfrewshire,Household Reference Person is aged 35 to 49,Social Rented: Council (LA) or Housing Association/ Registered Social Landlord,949
Households,East Renfrewshire,Household Reference Person is aged 35 to 49,Private rented: Total,870
Households,East Renfrewshire,Household Reference Person is aged 35 to 49,Private rented: Private landlord or letting agency,842
Households,East Renfrewshire,Household Reference Person is aged 35 to 49,Private rented: Other,26
Households,East Renfrewshire,Household Reference Person is aged 35 to 49,Lives Rent Free,62
Households,East Renfrewshire,Household Reference Person is aged 50 to 64,All Household Reference Persons aged 16 and over,12427
Households,East Renfrewshire,Household Reference Person is aged 50 to 64,Owned: Total,10458
Households,East Renfrewshire,Household Reference Person is aged 50 to 64,Owned: Owned outright,5200
Households,East Renfrewshire,Household Reference Person is aged 50 to 64,Owned: Owned with a mortgage or loan,5233
Households,East Renfrewshire,Household Reference Person is aged 50 to 64,Owned: Shared ownership (part owned and part rented),9
Households,East Renfrewshire,Household Reference Person is aged 50 to 64,Owned: Shared Equity (e.g. LIFT or Help-to-Buy),16
Households,East Renfrewshire,Household Reference Person is aged 50 to 64,Social Rented: Council (LA) or Housing Association/ Registered Social Landlord,1357
Households,East Renfrewshire,Household Reference Person is aged 50 to 64,Private rented: Total,531
Households,East Renfrewshire,Household Reference Person is aged 50 to 64,Private rented: Private landlord or letting agency,511
Households,East Renfrewshire,Household Reference Person is aged 50 to 64,Private rented: Other,16
Households,East Renfrewshire,Household Reference Person is aged 50 to 64,Lives Rent Free,81
Households,East Renfrewshire,Household Reference Person is aged 65 and over,All Household Reference Persons aged 16 and over,14018
Households,East Renfrewshire,Household Reference Person is aged 65 and over,Owned: Total,12138
Households,East Renfrewshire,Household Reference Person is aged 65 and over,Owned: Owned outright,11179
Households,East Renfrewshire,Household Reference Person is aged 65 and over,Owned: Owned with a mortgage or loan,887
Households,East Renfrewshire,Household Reference Person is aged 65 and over,Owned: Shared ownership (part owned and part rented),22
Households,East Renfrewshire,Household Reference Person is aged 65 and over,Owned: Shared Equity (e.g. LIFT or Help-to-Buy),50
Households,East Renfrewshire,Household Reference Person is aged 65 and over,Social Rented: Council (LA) or Housing Association/ Registered Social Landlord,1358
Households,East Renfrewshire,Household Reference Person is aged 65 and over,Private rented: Total,359
Households,East Renfrewshire,Household Reference Person is aged 65 and over,Private rented: Private landlord or letting agency,320
Households,East Renfrewshire,Household Reference Person is aged 65 and over,Private rented: Other,39
Households,East Renfrewshire,Household Reference Person is aged 65 and over,Lives Rent Free,163
Households,Na h-Eileanan an Iar,All Household Reference Persons aged 16 and over,All Household Reference Persons aged 16 and over,12717
Households,Na h-Eileanan an Iar,All Household Reference Persons aged 16 and over,Owned: Total,9459
Households,Na h-Eileanan an Iar,All Household Reference Persons aged 16 and over,Owned: Owned outright,6646
Households,Na h-Eileanan an Iar,All Household Reference Persons aged 16 and over,Owned: Owned with a mortgage or loan,2711
Households,Na h-Eileanan an Iar,All Household Reference Persons aged 16 and over,Owned: Shared ownership (part owned and part rented),18
Households,Na h-Eileanan an Iar,All Household Reference Persons aged 16 and over,Owned: Shared Equity (e.g. LIFT or Help-to-Buy),83
Households,Na h-Eileanan an Iar,All Household Reference Persons aged 16 and over,Social Rented: Council (LA) or Housing Association/ Registered Social Landlord,2178
Households,Na h-Eileanan an Iar,All Household Reference Persons aged 16 and over,Private rented: Total,726
Households,Na h-Eileanan an Iar,All Household Reference Persons aged 16 and over,Private rented: Private landlord or letting agency,677
Households,Na h-Eileanan an Iar,All Household Reference Persons aged 16 and over,Private rented: Other,49
Households,Na h-Eileanan an Iar,All Household Reference Persons aged 16 and over,Lives Rent Free,355
Households,Na h-Eileanan an Iar,Household Reference Person ages 16 to 34,All Household Reference Persons aged 16 and over,1349
Households,Na h-Eileanan an Iar,Household Reference Person ages 16 to 34,Owned: Total,571
Households,Na h-Eileanan an Iar,Household Reference Person ages 16 to 34,Owned: Owned outright,171
Households,Na h-Eileanan an Iar,Household Reference Person ages 16 to 34,Owned: Owned with a mortgage or loan,356
Households,Na h-Eileanan an Iar,Household Reference Person ages 16 to 34,Owned: Shared ownership (part owned and part rented),1
Households,Na h-Eileanan an Iar,Household Reference Person ages 16 to 34,Owned: Shared Equity (e.g. LIFT or Help-to-Buy),43
Households,Na h-Eileanan an Iar,Household Reference Person ages 16 to 34,Social Rented: Council (LA) or Housing Association/ Registered Social Landlord,483
Households,Na h-Eileanan an Iar,Household Reference Person ages 16 to 34,Private rented: Total,234
Households,Na h-Eileanan an Iar,Household Reference Person ages 16 to 34,Private rented: Private landlord or letting agency,226
Households,Na h-Eileanan an Iar,Household Reference Person ages 16 to 34,Private rented: Other,8
Households,Na h-Eileanan an Iar,Household Reference Person ages 16 to 34,Lives Rent Free,64
Households,Na h-Eileanan an Iar,Household Reference Person is aged 35 to 49,All Household Reference Persons aged 16 and over,2448
Households,Na h-Eileanan an Iar,Household Reference Person is aged 35 to 49,Owned: Total,1654
Households,Na h-Eileanan an Iar,Household Reference Person is aged 35 to 49,Owned: Owned outright,580
Households,Na h-Eileanan an Iar,Household Reference Person is aged 35 to 49,Owned: Owned with a mortgage or loan,1052
Households,Na h-Eileanan an Iar,Household Reference Person is aged 35 to 49,Owned: Shared ownership (part owned and part rented),1
Households,Na h-Eileanan an Iar,Household Reference Person is aged 35 to 49,Owned: Shared Equity (e.g. LIFT or Help-to-Buy),21
Households,Na h-Eileanan an Iar,Household Reference Person is aged 35 to 49,Social Rented: Council (LA) or Housing Association/ Registered Social Landlord,525
Households,Na h-Eileanan an Iar,Household Reference Person is aged 35 to 49,Private rented: Total,212
Households,Na h-Eileanan an Iar,Household Reference Person is aged 35 to 49,Private rented: Private landlord or letting agency,200
Households,Na h-Eileanan an Iar,Household Reference Person is aged 35 to 49,Private rented: Other,12
Households,Na h-Eileanan an Iar,Household Reference Person is aged 35 to 49,Lives Rent Free,57
Households,Na h-Eileanan an Iar,Household Reference Person is aged 50 to 64,All Household Reference Persons aged 16 and over,4152
Households,Na h-Eileanan an Iar,Household Reference Person is aged 50 to 64,Owned: Total,3258
Households,Na h-Eileanan an Iar,Household Reference Person is aged 50 to 64,Owned: Owned outright,2169
Households,Na h-Eileanan an Iar,Household Reference Person is aged 50 to 64,Owned: Owned with a mortgage or loan,1077
Households,Na h-Eileanan an Iar,Household Reference Person is aged 50 to 64,Owned: Shared ownership (part owned and part rented),5
Households,Na h-Eileanan an Iar,Household Reference Person is aged 50 to 64,Owned: Shared Equity (e.g. LIFT or Help-to-Buy),7
Households,Na h-Eileanan an Iar,Household Reference Person is aged 50 to 64,Social Rented: Council (LA) or Housing Association/ Registered Social Landlord,647
Households,Na h-Eileanan an Iar,Household Reference Person is aged 50 to 64,Private rented: Total,158
Households,Na h-Eileanan an Iar,Household Reference Person is aged 50 to 64,Private rented: Private landlord or letting agency,148
Households,Na h-Eileanan an Iar,Household Reference Person is aged 50 to 64,Private rented: Other,7
Households,Na h-Eileanan an Iar,Household Reference Person is aged 50 to 64,Lives Rent Free,82
Households,Na h-Eileanan an Iar,Household Reference Person is aged 65 and over,All Household Reference Persons aged 16 and over,4771
Households,Na h-Eileanan an Iar,Household Reference Person is aged 65 and over,Owned: Total,3975
Households,Na h-Eileanan an Iar,Household Reference Person is aged 65 and over,Owned: Owned outright,3726
Households,Na h-Eileanan an Iar,Household Reference Person is aged 65 and over,Owned: Owned with a mortgage or loan,226
Households,Na h-Eileanan an Iar,Household Reference Person is aged 65 and over,Owned: Shared ownership (part owned and part rented),11
Households,Na h-Eileanan an Iar,Household Reference Person is aged 65 and over,Owned: Shared Equity (e.g. LIFT or Help-to-Buy),12
Households,Na h-Eileanan an Iar,Household Reference Person is aged 65 and over,Social Rented: Council (LA) or Housing Association/ Registered Social Landlord,526
Households,Na h-Eileanan an Iar,Household Reference Person is aged 65 and over,Private rented: Total,122
Households,Na h-Eileanan an Iar,Household Reference Person is aged 65 and over,Private rented: Private landlord or letting agency,103
Households,Na h-Eileanan an Iar,Household Reference Person is aged 65 and over,Private rented: Other,16
Households,Na h-Eileanan an Iar,Household Reference Person is aged 65 and over,Lives Rent Free,148
Households,Midlothian,All Household Reference Persons aged 16 and over,All Household Reference Persons aged 16 and over,41009
Households,Midlothian,All Household Reference Persons aged 16 and over,Owned: Total,28014
Households,Midlothian,All Household Reference Persons aged 16 and over,Owned: Owned outright,13075
Households,Midlothian,All Household Reference Persons aged 16 and over,Owned: Owned with a mortgage or loan,14372
Households,Midlothian,All Household Reference Persons aged 16 and over,Owned: Shared ownership (part owned and part rented),67
Households,Midlothian,All Household Reference Persons aged 16 and over,Owned: Shared Equity (e.g. LIFT or Help-to-Buy),501
Households,Midlothian,All Household Reference Persons aged 16 and over,Social Rented: Council (LA) or Housing Association/ Registered Social Landlord,9446
Households,Midlothian,All Household Reference Persons aged 16 and over,Private rented: Total,3146
Households,Midlothian,All Household Reference Persons aged 16 and over,Private rented: Private landlord or letting agency,2900
Households,Midlothian,All Household Reference Persons aged 16 and over,Private rented: Other,246
Households,Midlothian,All Household Reference Persons aged 16 and over,Lives Rent Free,403
Households,Midlothian,Household Reference Person ages 16 to 34,All Household Reference Persons aged 16 and over,6017
Households,Midlothian,Household Reference Person ages 16 to 34,Owned: Total,3416
Households,Midlothian,Household Reference Person ages 16 to 34,Owned: Owned outright,264
Households,Midlothian,Household Reference Person ages 16 to 34,Owned: Owned with a mortgage or loan,2964
Households,Midlothian,Household Reference Person ages 16 to 34,Owned: Shared ownership (part owned and part rented),9
Households,Midlothian,Household Reference Person ages 16 to 34,Owned: Shared Equity (e.g. LIFT or Help-to-Buy),176
Households,Midlothian,Household Reference Person ages 16 to 34,Social Rented: Council (LA) or Housing Association/ Registered Social Landlord,1553
Households,Midlothian,Household Reference Person ages 16 to 34,Private rented: Total,990
Households,Midlothian,Household Reference Person ages 16 to 34,Private rented: Private landlord or letting agency,916
Households,Midlothian,Household Reference Person ages 16 to 34,Private rented: Other,73
Households,Midlothian,Household Reference Person ages 16 to 34,Lives Rent Free,59
Households,Midlothian,Household Reference Person is aged 35 to 49,All Household Reference Persons aged 16 and over,10698
Households,Midlothian,Household Reference Person is aged 35 to 49,Owned: Total,7200
Households,Midlothian,Household Reference Person is aged 35 to 49,Owned: Owned outright,726
Households,Midlothian,Household Reference Person is aged 35 to 49,Owned: Owned with a mortgage or loan,6238
Households,Midlothian,Household Reference Person is aged 35 to 49,Owned: Shared ownership (part owned and part rented),5
Households,Midlothian,Household Reference Person is aged 35 to 49,Owned: Shared Equity (e.g. LIFT or Help-to-Buy),229
Households,Midlothian,Household Reference Person is aged 35 to 49,Social Rented: Council (LA) or Housing Association/ Registered Social Landlord,2390
Households,Midlothian,Household Reference Person is aged 35 to 49,Private rented: Total,1057
Households,Midlothian,Household Reference Person is aged 35 to 49,Private rented: Private landlord or letting agency,972
Households,Midlothian,Household Reference Person is aged 35 to 49,Private rented: Other,83
Households,Midlothian,Household Reference Person is aged 35 to 49,Lives Rent Free,53
Households,Midlothian,Household Reference Person is aged 50 to 64,All Household Reference Persons aged 16 and over,12268
Households,Midlothian,Household Reference Person is aged 50 to 64,Owned: Total,8597
Households,Midlothian,Household Reference Person is aged 50 to 64,Owned: Owned outright,4067
Households,Midlothian,Household Reference Person is aged 50 to 64,Owned: Owned with a mortgage or loan,4453
Households,Midlothian,Household Reference Person is aged 50 to 64,Owned: Shared ownership (part owned and part rented),29
Households,Midlothian,Household Reference Person is aged 50 to 64,Owned: Shared Equity (e.g. LIFT or Help-to-Buy),48
Households,Midlothian,Household Reference Person is aged 50 to 64,Social Rented: Council (LA) or Housing Association/ Registered Social Landlord,2914
Households,Midlothian,Household Reference Person is aged 50 to 64,Private rented: Total,667
Households,Midlothian,Household Reference Person is aged 50 to 64,Private rented: Private landlord or letting agency,618
Households,Midlothian,Household Reference Person is aged 50 to 64,Private rented: Other,49
Households,Midlothian,Household Reference Person is aged 50 to 64,Lives Rent Free,90
Households,Midlothian,Household Reference Person is aged 65 and over,All Household Reference Persons aged 16 and over,12025
Households,Midlothian,Household Reference Person is aged 65 and over,Owned: Total,8801
Households,Midlothian,Household Reference Person is aged 65 and over,Owned: Owned outright,8018
Households,Midlothian,Household Reference Person is aged 65 and over,Owned: Owned with a mortgage or loan,717
Households,Midlothian,Household Reference Person is aged 65 and over,Owned: Shared ownership (part owned and part rented),22
Households,Midlothian,Household Reference Person is aged 65 and over,Owned: Shared Equity (e.g. LIFT or Help-to-Buy),40
Households,Midlothian,Household Reference Person is aged 65 and over,Social Rented: Council (LA) or Housing Association/ Registered Social Landlord,2589
Households,Midlothian,Household Reference Person is aged 65 and over,Private rented: Total,434
Households,Midlothian,Household Reference Person is aged 65 and over,Private rented: Private landlord or letting agency,393
Households,Midlothian,Household Reference Person is aged 65 and over,Private rented: Other,41
Households,Midlothian,Household Reference Person is aged 65 and over,Lives Rent Free,201
Households,North Ayrshire and Arran,All Household Reference Persons aged 16 and over,All Household Reference Persons aged 16 and over,44516
Households,North Ayrshire and Arran,All Household Reference Persons aged 16 and over,Owned: Total,28710
Households,North Ayrshire and Arran,All Household Reference Persons aged 16 and over,Owned: Owned outright,17361
Households,North Ayrshire and Arran,All Household Reference Persons aged 16 and over,Owned: Owned with a mortgage or loan,11191
Households,North Ayrshire and Arran,All Household Reference Persons aged 16 and over,Owned: Shared ownership (part owned and part rented),53
Households,North Ayrshire and Arran,All Household Reference Persons aged 16 and over,Owned: Shared Equity (e.g. LIFT or Help-to-Buy),101
Households,North Ayrshire and Arran,All Household Reference Persons aged 16 and over,Social Rented: Council (LA) or Housing Association/ Registered Social Landlord,10931
Households,North Ayrshire and Arran,All Household Reference Persons aged 16 and over,Private rented: Total,4279
Households,North Ayrshire and Arran,All Household Reference Persons aged 16 and over,Private rented: Private landlord or letting agency,4124
Households,North Ayrshire and Arran,All Household Reference Persons aged 16 and over,Private rented: Other,155
Households,North Ayrshire and Arran,All Household Reference Persons aged 16 and over,Lives Rent Free,596
Households,North Ayrshire and Arran,Household Reference Person ages 16 to 34,All Household Reference Persons aged 16 and over,5569
Households,North Ayrshire and Arran,Household Reference Person ages 16 to 34,Owned: Total,2183
Households,North Ayrshire and Arran,Household Reference Person ages 16 to 34,Owned: Owned outright,394
Households,North Ayrshire and Arran,Household Reference Person ages 16 to 34,Owned: Owned with a mortgage or loan,1761
Households,North Ayrshire and Arran,Household Reference Person ages 16 to 34,Owned: Shared ownership (part owned and part rented),6
Households,North Ayrshire and Arran,Household Reference Person ages 16 to 34,Owned: Shared Equity (e.g. LIFT or Help-to-Buy),22
Households,North Ayrshire and Arran,Household Reference Person ages 16 to 34,Social Rented: Council (LA) or Housing Association/ Registered Social Landlord,2147
Households,North Ayrshire and Arran,Household Reference Person ages 16 to 34,Private rented: Total,1138
Households,North Ayrshire and Arran,Household Reference Person ages 16 to 34,Private rented: Private landlord or letting agency,1108
Households,North Ayrshire and Arran,Household Reference Person ages 16 to 34,Private rented: Other,30
Households,North Ayrshire and Arran,Household Reference Person ages 16 to 34,Lives Rent Free,101
Households,North Ayrshire and Arran,Household Reference Person is aged 35 to 49,All Household Reference Persons aged 16 and over,9046
Households,North Ayrshire and Arran,Household Reference Person is aged 35 to 49,Owned: Total,5049
Households,North Ayrshire and Arran,Household Reference Person is aged 35 to 49,Owned: Owned outright,981
Households,North Ayrshire and Arran,Household Reference Person is aged 35 to 49,Owned: Owned with a mortgage or loan,4039
Households,North Ayrshire and Arran,Household Reference Person is aged 35 to 49,Owned: Shared ownership (part owned and part rented),5
Households,North Ayrshire and Arran,Household Reference Person is aged 35 to 49,Owned: Shared Equity (e.g. LIFT or Help-to-Buy),24
Households,North Ayrshire and Arran,Household Reference Person is aged 35 to 49,Social Rented: Council (LA) or Housing Association/ Registered Social Landlord,2661
Households,North Ayrshire and Arran,Household Reference Person is aged 35 to 49,Private rented: Total,1244
Households,North Ayrshire and Arran,Household Reference Person is aged 35 to 49,Private rented: Private landlord or letting agency,1200
Households,North Ayrshire and Arran,Household Reference Person is aged 35 to 49,Private rented: Other,48
Households,North Ayrshire and Arran,Household Reference Person is aged 35 to 49,Lives Rent Free,88
Households,North Ayrshire and Arran,Household Reference Person is aged 50 to 64,All Household Reference Persons aged 16 and over,14103
Households,North Ayrshire and Arran,Household Reference Person is aged 50 to 64,Owned: Total,9658
Households,North Ayrshire and Arran,Household Reference Person is aged 50 to 64,Owned: Owned outright,5221
Households,North Ayrshire and Arran,Household Reference Person is aged 50 to 64,Owned: Owned with a mortgage or loan,4400
Households,North Ayrshire and Arran,Household Reference Person is aged 50 to 64,Owned: Shared ownership (part owned and part rented),25
Households,North Ayrshire and Arran,Household Reference Person is aged 50 to 64,Owned: Shared Equity (e.g. LIFT or Help-to-Buy),12
Households,North Ayrshire and Arran,Household Reference Person is aged 50 to 64,Social Rented: Council (LA) or Housing Association/ Registered Social Landlord,3143
Households,North Ayrshire and Arran,Household Reference Person is aged 50 to 64,Private rented: Total,1179
Households,North Ayrshire and Arran,Household Reference Person is aged 50 to 64,Private rented: Private landlord or letting agency,1148
Households,North Ayrshire and Arran,Household Reference Person is aged 50 to 64,Private rented: Other,32
Households,North Ayrshire and Arran,Household Reference Person is aged 50 to 64,Lives Rent Free,121
Households,North Ayrshire and Arran,Household Reference Person is aged 65 and over,All Household Reference Persons aged 16 and over,15798
Households,North Ayrshire and Arran,Household Reference Person is aged 65 and over,Owned: Total,11820
Households,North Ayrshire and Arran,Household Reference Person is aged 65 and over,Owned: Owned outright,10765
Households,North Ayrshire and Arran,Household Reference Person is aged 65 and over,Owned: Owned with a mortgage or loan,993
Households,North Ayrshire and Arran,Household Reference Person is aged 65 and over,Owned: Shared ownership (part owned and part rented),22
Households,North Ayrshire and Arran,Household Reference Person is aged 65 and over,Owned: Shared Equity (e.g. LIFT or Help-to-Buy),43
Households,North Ayrshire and Arran,Household Reference Person is aged 65 and over,Social Rented: Council (LA) or Housing Association/ Registered Social Landlord,2980
Households,North Ayrshire and Arran,Household Reference Person is aged 65 and over,Private rented: Total,712
Households,North Ayrshire and Arran,Household Reference Person is aged 65 and over,Private rented: Private landlord or letting agency,668
Households,North Ayrshire and Arran,Household Reference Person is aged 65 and over,Private rented: Other,44
Households,North Ayrshire and Arran,Household Reference Person is aged 65 and over,Lives Rent Free,286
Households,Orkney and Shetland,All Household Reference Persons aged 16 and over,All Household Reference Persons aged 16 and over,21204
Households,Orkney and Shetland,All Household Reference Persons aged 16 and over,Owned: Total,14643
Households,Orkney and Shetland,All Household Reference Persons aged 16 and over,Owned: Owned outright,9537
Households,Orkney and Shetland,All Household Reference Persons aged 16 and over,Owned: Owned with a mortgage or loan,4848
Households,Orkney and Shetland,All Household Reference Persons aged 16 and over,Owned: Shared ownership (part owned and part rented),169
Households,Orkney and Shetland,All Household Reference Persons aged 16 and over,Owned: Shared Equity (e.g. LIFT or Help-to-Buy),86
Households,Orkney and Shetland,All Household Reference Persons aged 16 and over,Social Rented: Council (LA) or Housing Association/ Registered Social Landlord,4201
Households,Orkney and Shetland,All Household Reference Persons aged 16 and over,Private rented: Total,1759
Households,Orkney and Shetland,All Household Reference Persons aged 16 and over,Private rented: Private landlord or letting agency,1654
Households,Orkney and Shetland,All Household Reference Persons aged 16 and over,Private rented: Other,109
Households,Orkney and Shetland,All Household Reference Persons aged 16 and over,Lives Rent Free,601
Households,Orkney and Shetland,Household Reference Person ages 16 to 34,All Household Reference Persons aged 16 and over,3072
Households,Orkney and Shetland,Household Reference Person ages 16 to 34,Owned: Total,1356
Households,Orkney and Shetland,Household Reference Person ages 16 to 34,Owned: Owned outright,268
Households,Orkney and Shetland,Household Reference Person ages 16 to 34,Owned: Owned with a mortgage or loan,1032
Households,Orkney and Shetland,Household Reference Person ages 16 to 34,Owned: Shared ownership (part owned and part rented),27
Households,Orkney and Shetland,Household Reference Person ages 16 to 34,Owned: Shared Equity (e.g. LIFT or Help-to-Buy),33
Households,Orkney and Shetland,Household Reference Person ages 16 to 34,Social Rented: Council (LA) or Housing Association/ Registered Social Landlord,971
Households,Orkney and Shetland,Household Reference Person ages 16 to 34,Private rented: Total,628
Households,Orkney and Shetland,Household Reference Person ages 16 to 34,Private rented: Private landlord or letting agency,603
Households,Orkney and Shetland,Household Reference Person ages 16 to 34,Private rented: Other,29
Households,Orkney and Shetland,Household Reference Person ages 16 to 34,Lives Rent Free,113
Households,Orkney and Shetland,Household Reference Person is aged 35 to 49,All Household Reference Persons aged 16 and over,4540
Households,Orkney and Shetland,Household Reference Person is aged 35 to 49,Owned: Total,2924
Households,Orkney and Shetland,Household Reference Person is aged 35 to 49,Owned: Owned outright,836
Households,Orkney and Shetland,Household Reference Person is aged 35 to 49,Owned: Owned with a mortgage or loan,2016
Households,Orkney and Shetland,Household Reference Person is aged 35 to 49,Owned: Shared ownership (part owned and part rented),39
Households,Orkney and Shetland,Household Reference Person is aged 35 to 49,Owned: Shared Equity (e.g. LIFT or Help-to-Buy),31
Households,Orkney and Shetland,Household Reference Person is aged 35 to 49,Social Rented: Council (LA) or Housing Association/ Registered Social Landlord,1077
Households,Orkney and Shetland,Household Reference Person is aged 35 to 49,Private rented: Total,461
Households,Orkney and Shetland,Household Reference Person is aged 35 to 49,Private rented: Private landlord or letting agency,433
Households,Orkney and Shetland,Household Reference Person is aged 35 to 49,Private rented: Other,32
Households,Orkney and Shetland,Household Reference Person is aged 35 to 49,Lives Rent Free,81
Households,Orkney and Shetland,Household Reference Person is aged 50 to 64,All Household Reference Persons aged 16 and over,6582
Households,Orkney and Shetland,Household Reference Person is aged 50 to 64,Owned: Total,4899
Households,Orkney and Shetland,Household Reference Person is aged 50 to 64,Owned: Owned outright,3222
Households,Orkney and Shetland,Household Reference Person is aged 50 to 64,Owned: Owned with a mortgage or loan,1606
Households,Orkney and Shetland,Household Reference Person is aged 50 to 64,Owned: Shared ownership (part owned and part rented),60
Households,Orkney and Shetland,Household Reference Person is aged 50 to 64,Owned: Shared Equity (e.g. LIFT or Help-to-Buy),10
Households,Orkney and Shetland,Household Reference Person is aged 50 to 64,Social Rented: Council (LA) or Housing Association/ Registered Social Landlord,1208
Households,Orkney and Shetland,Household Reference Person is aged 50 to 64,Private rented: Total,394
Households,Orkney and Shetland,Household Reference Person is aged 50 to 64,Private rented: Private landlord or letting agency,365
Households,Orkney and Shetland,Household Reference Person is aged 50 to 64,Private rented: Other,29
Households,Orkney and Shetland,Household Reference Person is aged 50 to 64,Lives Rent Free,81
Households,Orkney and Shetland,Household Reference Person is aged 65 and over,All Household Reference Persons aged 16 and over,7006
Households,Orkney and Shetland,Household Reference Person is aged 65 and over,Owned: Total,5464
Households,Orkney and Shetland,Household Reference Person is aged 65 and over,Owned: Owned outright,5208
Households,Orkney and Shetland,Household Reference Person is aged 65 and over,Owned: Owned with a mortgage or loan,194
Households,Orkney and Shetland,Household Reference Person is aged 65 and over,Owned: Shared ownership (part owned and part rented),42
Households,Orkney and Shetland,Household Reference Person is aged 65 and over,Owned: Shared Equity (e.g. LIFT or Help-to-Buy),19
Households,Orkney and Shetland,Household Reference Person is aged 65 and over,Social Rented: Council (LA) or Housing Association/ Registered Social Landlord,945
Households,Orkney and Shetland,Household Reference Person is aged 65 and over,Private rented: Total,272
Households,Orkney and Shetland,Household Reference Person is aged 65 and over,Private rented: Private landlord or letting agency,249
Households,Orkney and Shetland,Household Reference Person is aged 65 and over,Private rented: Other,23
Households,Orkney and Shetland,Household Reference Person is aged 65 and over,Lives Rent Free,325
Households,Aberdeen North,All Household Reference Persons aged 16 and over,All Household Reference Persons aged 16 and over,53821
Households,Aberdeen North,All Household Reference Persons aged 16 and over,Owned: Total,30460
Households,Aberdeen North,All Household Reference Persons aged 16 and over,Owned: Owned outright,15186
Households,Aberdeen North,All Household Reference Persons aged 16 and over,Owned: Owned with a mortgage or loan,14555
Households,Aberdeen North,All Household Reference Persons aged 16 and over,Owned: Shared ownership (part owned and part rented),247
Households,Aberdeen North,All Household Reference Persons aged 16 and over,Owned: Shared Equity (e.g. LIFT or Help-to-Buy),476
Households,Aberdeen North,All Household Reference Persons aged 16 and over,Social Rented: Council (LA) or Housing Association/ Registered Social Landlord,15236
Households,Aberdeen North,All Household Reference Persons aged 16 and over,Private rented: Total,7467
Households,Aberdeen North,All Household Reference Persons aged 16 and over,Private rented: Private landlord or letting agency,7255
Households,Aberdeen North,All Household Reference Persons aged 16 and over,Private rented: Other,212
Households,Aberdeen North,All Household Reference Persons aged 16 and over,Lives Rent Free,654
Households,Aberdeen North,Household Reference Person ages 16 to 34,All Household Reference Persons aged 16 and over,11437
Households,Aberdeen North,Household Reference Person ages 16 to 34,Owned: Total,4414
Households,Aberdeen North,Household Reference Person ages 16 to 34,Owned: Owned outright,553
Households,Aberdeen North,Household Reference Person ages 16 to 34,Owned: Owned with a mortgage or loan,3612
Households,Aberdeen North,Household Reference Person ages 16 to 34,Owned: Shared ownership (part owned and part rented),44
Households,Aberdeen North,Household Reference Person ages 16 to 34,Owned: Shared Equity (e.g. LIFT or Help-to-Buy),205
Households,Aberdeen North,Household Reference Person ages 16 to 34,Social Rented: Council (LA) or Housing Association/ Registered Social Landlord,2820
Households,Aberdeen North,Household Reference Person ages 16 to 34,Private rented: Total,4033
Households,Aberdeen North,Household Reference Person ages 16 to 34,Private rented: Private landlord or letting agency,3968
Households,Aberdeen North,Household Reference Person ages 16 to 34,Private rented: Other,62
Households,Aberdeen North,Household Reference Person ages 16 to 34,Lives Rent Free,170
Households,Aberdeen North,Household Reference Person is aged 35 to 49,All Household Reference Persons aged 16 and over,14166
Households,Aberdeen North,Household Reference Person is aged 35 to 49,Owned: Total,7692
Households,Aberdeen North,Household Reference Person is aged 35 to 49,Owned: Owned outright,1061
Households,Aberdeen North,Household Reference Person is aged 35 to 49,Owned: Owned with a mortgage or loan,6410
Households,Aberdeen North,Household Reference Person is aged 35 to 49,Owned: Shared ownership (part owned and part rented),52
Households,Aberdeen North,Household Reference Person is aged 35 to 49,Owned: Shared Equity (e.g. LIFT or Help-to-Buy),170
Households,Aberdeen North,Household Reference Person is aged 35 to 49,Social Rented: Council (LA) or Housing Association/ Registered Social Landlord,4142
Households,Aberdeen North,Household Reference Person is aged 35 to 49,Private rented: Total,2232
Households,Aberdeen North,Household Reference Person is aged 35 to 49,Private rented: Private landlord or letting agency,2158
Households,Aberdeen North,Household Reference Person is aged 35 to 49,Private rented: Other,74
Households,Aberdeen North,Household Reference Person is aged 35 to 49,Lives Rent Free,100
Households,Aberdeen North,Household Reference Person is aged 50 to 64,All Household Reference Persons aged 16 and over,14252
Households,Aberdeen North,Household Reference Person is aged 50 to 64,Owned: Total,9003
Households,Aberdeen North,Household Reference Person is aged 50 to 64,Owned: Owned outright,4842
Households,Aberdeen North,Household Reference Person is aged 50 to 64,Owned: Owned with a mortgage or loan,4040
Households,Aberdeen North,Household Reference Person is aged 50 to 64,Owned: Shared ownership (part owned and part rented),77
Households,Aberdeen North,Household Reference Person is aged 50 to 64,Owned: Shared Equity (e.g. LIFT or Help-to-Buy),48
Households,Aberdeen North,Household Reference Person is aged 50 to 64,Social Rented: Council (LA) or Housing Association/ Registered Social Landlord,4268
Households,Aberdeen North,Household Reference Person is aged 50 to 64,Private rented: Total,869
Households,Aberdeen North,Household Reference Person is aged 50 to 64,Private rented: Private landlord or letting agency,832
Households,Aberdeen North,Household Reference Person is aged 50 to 64,Private rented: Other,33
Households,Aberdeen North,Household Reference Person is aged 50 to 64,Lives Rent Free,113
Households,Aberdeen North,Household Reference Person is aged 65 and over,All Household Reference Persons aged 16 and over,13966
Households,Aberdeen North,Household Reference Person is aged 65 and over,Owned: Total,9352
Households,Aberdeen North,Household Reference Person is aged 65 and over,Owned: Owned outright,8731
Households,Aberdeen North,Household Reference Person is aged 65 and over,Owned: Owned with a mortgage or loan,496
Households,Aberdeen North,Household Reference Person is aged 65 and over,Owned: Shared ownership (part owned and part rented),76
Households,Aberdeen North,Household Reference Person is aged 65 and over,Owned: Shared Equity (e.g. LIFT or Help-to-Buy),53
Households,Aberdeen North,Household Reference Person is aged 65 and over,Social Rented: Council (LA) or Housing Association/ Registered Social Landlord,4006
Households,Aberdeen North,Household Reference Person is aged 65 and over,Private rented: Total,335
Households,Aberdeen North,Household Reference Person is aged 65 and over,Private rented: Private landlord or letting agency,297
Households,Aberdeen North,Household Reference Person is aged 65 and over,Private rented: Other,43
Households,Aberdeen North,Household Reference Person is aged 65 and over,Lives Rent Free,271
Households,Aberdeen South,All Household Reference Persons aged 16 and over,All Household Reference Persons aged 16 and over,55624
Households,Aberdeen South,All Household Reference Persons aged 16 and over,Owned: Total,31339
Households,Aberdeen South,All Household Reference Persons aged 16 and over,Owned: Owned outright,16180
Households,Aberdeen South,All Household Reference Persons aged 16 and over,Owned: Owned with a mortgage or loan,14653
Households,Aberdeen South,All Household Reference Persons aged 16 and over,Owned: Shared ownership (part owned and part rented),211
Households,Aberdeen South,All Household Reference Persons aged 16 and over,Owned: Shared Equity (e.g. LIFT or Help-to-Buy),295
Households,Aberdeen South,All Household Reference Persons aged 16 and over,Social Rented: Council (LA) or Housing Association/ Registered Social Landlord,9273
Households,Aberdeen South,All Household Reference Persons aged 16 and over,Private rented: Total,14241
Households,Aberdeen South,All Household Reference Persons aged 16 and over,Private rented: Private landlord or letting agency,14021
Households,Aberdeen South,All Household Reference Persons aged 16 and over,Private rented: Other,222
Households,Aberdeen South,All Household Reference Persons aged 16 and over,Lives Rent Free,775
Households,Aberdeen South,Household Reference Person ages 16 to 34,All Household Reference Persons aged 16 and over,15808
Households,Aberdeen South,Household Reference Person ages 16 to 34,Owned: Total,4796
Households,Aberdeen South,Household Reference Person ages 16 to 34,Owned: Owned outright,812
Households,Aberdeen South,Household Reference Person ages 16 to 34,Owned: Owned with a mortgage or loan,3800
Households,Aberdeen South,Household Reference Person ages 16 to 34,Owned: Shared ownership (part owned and part rented),52
Households,Aberdeen South,Household Reference Person ages 16 to 34,Owned: Shared Equity (e.g. LIFT or Help-to-Buy),130
Households,Aberdeen South,Household Reference Person ages 16 to 34,Social Rented: Council (LA) or Housing Association/ Registered Social Landlord,1837
Households,Aberdeen South,Household Reference Person ages 16 to 34,Private rented: Total,8869
Households,Aberdeen South,Household Reference Person ages 16 to 34,Private rented: Private landlord or letting agency,8766
Households,Aberdeen South,Household Reference Person ages 16 to 34,Private rented: Other,104
Households,Aberdeen South,Household Reference Person ages 16 to 34,Lives Rent Free,307
Households,Aberdeen South,Household Reference Person is aged 35 to 49,All Household Reference Persons aged 16 and over,14057
Households,Aberdeen South,Household Reference Person is aged 35 to 49,Owned: Total,7826
Households,Aberdeen South,Household Reference Person is aged 35 to 49,Owned: Owned outright,1294
Households,Aberdeen South,Household Reference Person is aged 35 to 49,Owned: Owned with a mortgage or loan,6410
Households,Aberdeen South,Household Reference Person is aged 35 to 49,Owned: Shared ownership (part owned and part rented),37
Households,Aberdeen South,Household Reference Person is aged 35 to 49,Owned: Shared Equity (e.g. LIFT or Help-to-Buy),89
Households,Aberdeen South,Household Reference Person is aged 35 to 49,Social Rented: Council (LA) or Housing Association/ Registered Social Landlord,2540
Households,Aberdeen South,Household Reference Person is aged 35 to 49,Private rented: Total,3572
Households,Aberdeen South,Household Reference Person is aged 35 to 49,Private rented: Private landlord or letting agency,3531
Households,Aberdeen South,Household Reference Person is aged 35 to 49,Private rented: Other,44
Households,Aberdeen South,Household Reference Person is aged 35 to 49,Lives Rent Free,112
Households,Aberdeen South,Household Reference Person is aged 50 to 64,All Household Reference Persons aged 16 and over,13471
Households,Aberdeen South,Household Reference Person is aged 50 to 64,Owned: Total,9368
Households,Aberdeen South,Household Reference Person is aged 50 to 64,Owned: Owned outright,5385
Households,Aberdeen South,Household Reference Person is aged 50 to 64,Owned: Owned with a mortgage or loan,3872
Households,Aberdeen South,Household Reference Person is aged 50 to 64,Owned: Shared ownership (part owned and part rented),75
Households,Aberdeen South,Household Reference Person is aged 50 to 64,Owned: Shared Equity (e.g. LIFT or Help-to-Buy),33
Households,Aberdeen South,Household Reference Person is aged 50 to 64,Social Rented: Council (LA) or Housing Association/ Registered Social Landlord,2622
Households,Aberdeen South,Household Reference Person is aged 50 to 64,Private rented: Total,1360
Households,Aberdeen South,Household Reference Person is aged 50 to 64,Private rented: Private landlord or letting agency,1330
Households,Aberdeen South,Household Reference Person is aged 50 to 64,Private rented: Other,28
Households,Aberdeen South,Household Reference Person is aged 50 to 64,Lives Rent Free,121
Households,Aberdeen South,Household Reference Person is aged 65 and over,All Household Reference Persons aged 16 and over,12292
Households,Aberdeen South,Household Reference Person is aged 65 and over,Owned: Total,9346
Households,Aberdeen South,Household Reference Person is aged 65 and over,Owned: Owned outright,8686
Households,Aberdeen South,Household Reference Person is aged 65 and over,Owned: Owned with a mortgage or loan,570
Households,Aberdeen South,Household Reference Person is aged 65 and over,Owned: Shared ownership (part owned and part rented),47
Households,Aberdeen South,Household Reference Person is aged 65 and over,Owned: Shared Equity (e.g. LIFT or Help-to-Buy),43
Households,Aberdeen South,Household Reference Person is aged 65 and over,Social Rented: Council (LA) or Housing Association/ Registered Social Landlord,2274
Households,Aberdeen South,Household Reference Person is aged 65 and over,Private rented: Total,437
Households,Aberdeen South,Household Reference Person is aged 65 and over,Private rented: Private landlord or letting agency,391
Households,Aberdeen South,Household Reference Person is aged 65 and over,Private rented: Other,44
Households,Aberdeen South,Household Reference Person is aged 65 and over,Lives Rent Free,235
Households,Aberdeenshire North and Moray East,All Household Reference Persons aged 16 and over,All Household Reference Persons aged 16 and over,45246
Households,Aberdeenshire North and Moray East,All Household Reference Persons aged 16 and over,Owned: Total,30621
Households,Aberdeenshire North and Moray East,All Household Reference Persons aged 16 and over,Owned: Owned outright,18302
Households,Aberdeenshire North and Moray East,All Household Reference Persons aged 16 and over,Owned: Owned with a mortgage or loan,12046
Households,Aberdeenshire North and Moray East,All Household Reference Persons aged 16 and over,Owned: Shared ownership (part owned and part rented),59
Households,Aberdeenshire North and Moray East,All Household Reference Persons aged 16 and over,Owned: Shared Equity (e.g. LIFT or Help-to-Buy),214
Households,Aberdeenshire North and Moray East,All Household Reference Persons aged 16 and over,Social Rented: Council (LA) or Housing Association/ Registered Social Landlord,10199
Households,Aberdeenshire North and Moray East,All Household Reference Persons aged 16 and over,Private rented: Total,3703
Households,Aberdeenshire North and Moray East,All Household Reference Persons aged 16 and over,Private rented: Private landlord or letting agency,3571
Households,Aberdeenshire North and Moray East,All Household Reference Persons aged 16 and over,Private rented: Other,131
Households,Aberdeenshire North and Moray East,All Household Reference Persons aged 16 and over,Lives Rent Free,723
Households,Aberdeenshire North and Moray East,Household Reference Person ages 16 to 34,All Household Reference Persons aged 16 and over,6664
Households,Aberdeenshire North and Moray East,Household Reference Person ages 16 to 34,Owned: Total,3313
Households,Aberdeenshire North and Moray East,Household Reference Person ages 16 to 34,Owned: Owned outright,345
Households,Aberdeenshire North and Moray East,Household Reference Person ages 16 to 34,Owned: Owned with a mortgage or loan,2868
Households,Aberdeenshire North and Moray East,Household Reference Person ages 16 to 34,Owned: Shared ownership (part owned and part rented),13
Households,Aberdeenshire North and Moray East,Household Reference Person ages 16 to 34,Owned: Shared Equity (e.g. LIFT or Help-to-Buy),84
Households,Aberdeenshire North and Moray East,Household Reference Person ages 16 to 34,Social Rented: Council (LA) or Housing Association/ Registered Social Landlord,2144
Households,Aberdeenshire North and Moray East,Household Reference Person ages 16 to 34,Private rented: Total,1091
Households,Aberdeenshire North and Moray East,Household Reference Person ages 16 to 34,Private rented: Private landlord or letting agency,1067
Households,Aberdeenshire North and Moray East,Household Reference Person ages 16 to 34,Private rented: Other,29
Households,Aberdeenshire North and Moray East,Household Reference Person ages 16 to 34,Lives Rent Free,113
Households,Aberdeenshire North and Moray East,Household Reference Person is aged 35 to 49,All Household Reference Persons aged 16 and over,9919
Households,Aberdeenshire North and Moray East,Household Reference Person is aged 35 to 49,Owned: Total,6157
Households,Aberdeenshire North and Moray East,Household Reference Person is aged 35 to 49,Owned: Owned outright,1214
Households,Aberdeenshire North and Moray East,Household Reference Person is aged 35 to 49,Owned: Owned with a mortgage or loan,4863
Households,Aberdeenshire North and Moray East,Household Reference Person is aged 35 to 49,Owned: Shared ownership (part owned and part rented),10
Households,Aberdeenshire North and Moray East,Household Reference Person is aged 35 to 49,Owned: Shared Equity (e.g. LIFT or Help-to-Buy),73
Households,Aberdeenshire North and Moray East,Household Reference Person is aged 35 to 49,Social Rented: Council (LA) or Housing Association/ Registered Social Landlord,2502
Households,Aberdeenshire North and Moray East,Household Reference Person is aged 35 to 49,Private rented: Total,1145
Households,Aberdeenshire North and Moray East,Household Reference Person is aged 35 to 49,Private rented: Private landlord or letting agency,1107
Households,Aberdeenshire North and Moray East,Household Reference Person is aged 35 to 49,Private rented: Other,38
Households,Aberdeenshire North and Moray East,Household Reference Person is aged 35 to 49,Lives Rent Free,113
Households,Aberdeenshire North and Moray East,Household Reference Person is aged 50 to 64,All Household Reference Persons aged 16 and over,13753
Households,Aberdeenshire North and Moray East,Household Reference Person is aged 50 to 64,Owned: Total,9854
Households,Aberdeenshire North and Moray East,Household Reference Person is aged 50 to 64,Owned: Owned outright,6046
Households,Aberdeenshire North and Moray East,Household Reference Person is aged 50 to 64,Owned: Owned with a mortgage or loan,3763
Households,Aberdeenshire North and Moray East,Household Reference Person is aged 50 to 64,Owned: Shared ownership (part owned and part rented),17
Households,Aberdeenshire North and Moray East,Household Reference Person is aged 50 to 64,Owned: Shared Equity (e.g. LIFT or Help-to-Buy),28
Households,Aberdeenshire North and Moray East,Household Reference Person is aged 50 to 64,Social Rented: Council (LA) or Housing Association/ Registered Social Landlord,2794
Households,Aberdeenshire North and Moray East,Household Reference Person is aged 50 to 64,Private rented: Total,957
Households,Aberdeenshire North and Moray East,Household Reference Person is aged 50 to 64,Private rented: Private landlord or letting agency,924
Households,Aberdeenshire North and Moray East,Household Reference Person is aged 50 to 64,Private rented: Other,38
Households,Aberdeenshire North and Moray East,Household Reference Person is aged 50 to 64,Lives Rent Free,144
Households,Aberdeenshire North and Moray East,Household Reference Person is aged 65 and over,All Household Reference Persons aged 16 and over,14913
Households,Aberdeenshire North and Moray East,Household Reference Person is aged 65 and over,Owned: Total,11295
Households,Aberdeenshire North and Moray East,Household Reference Person is aged 65 and over,Owned: Owned outright,10694
Households,Aberdeenshire North and Moray East,Household Reference Person is aged 65 and over,Owned: Owned with a mortgage or loan,552
Households,Aberdeenshire North and Moray East,Household Reference Person is aged 65 and over,Owned: Shared ownership (part owned and part rented),19
Households,Aberdeenshire North and Moray East,Household Reference Person is aged 65 and over,Owned: Shared Equity (e.g. LIFT or Help-to-Buy),28
Households,Aberdeenshire North and Moray East,Household Reference Person is aged 65 and over,Social Rented: Council (LA) or Housing Association/ Registered Social Landlord,2762
Households,Aberdeenshire North and Moray East,Household Reference Person is aged 65 and over,Private rented: Total,502
Households,Aberdeenshire North and Moray East,Household Reference Person is aged 65 and over,Private rented: Private landlord or letting agency,474
Households,Aberdeenshire North and Moray East,Household Reference Person is aged 65 and over,Private rented: Other,31
Households,Aberdeenshire North and Moray East,Household Reference Person is aged 65 and over,Lives Rent Free,351
Households,Airdrie and Shotts,All Household Reference Persons aged 16 and over,All Household Reference Persons aged 16 and over,40790
Households,Airdrie and Shotts,All Household Reference Persons aged 16 and over,Owned: Total,25410
Households,Airdrie and Shotts,All Household Reference Persons aged 16 and over,Owned: Owned outright,12376
Households,Airdrie and Shotts,All Household Reference Persons aged 16 and over,Owned: Owned with a mortgage or loan,12825
Households,Airdrie and Shotts,All Household Reference Persons aged 16 and over,Owned: Shared ownership (part owned and part rented),37
Households,Airdrie and Shotts,All Household Reference Persons aged 16 and over,Owned: Shared Equity (e.g. LIFT or Help-to-Buy),172
Households,Airdrie and Shotts,All Household Reference Persons aged 16 and over,Social Rented: Council (LA) or Housing Association/ Registered Social Landlord,11440
Households,Airdrie and Shotts,All Household Reference Persons aged 16 and over,Private rented: Total,3410
Households,Airdrie and Shotts,All Household Reference Persons aged 16 and over,Private rented: Private landlord or letting agency,3267
Households,Airdrie and Shotts,All Household Reference Persons aged 16 and over,Private rented: Other,143
Households,Airdrie and Shotts,All Household Reference Persons aged 16 and over,Lives Rent Free,533
Households,Airdrie and Shotts,Household Reference Person ages 16 to 34,All Household Reference Persons aged 16 and over,6040
Households,Airdrie and Shotts,Household Reference Person ages 16 to 34,Owned: Total,2788
Households,Airdrie and Shotts,Household Reference Person ages 16 to 34,Owned: Owned outright,304
Households,Airdrie and Shotts,Household Reference Person ages 16 to 34,Owned: Owned with a mortgage or loan,2413
Households,Airdrie and Shotts,Household Reference Person ages 16 to 34,Owned: Shared ownership (part owned and part rented),1
Households,Airdrie and Shotts,Household Reference Person ages 16 to 34,Owned: Shared Equity (e.g. LIFT or Help-to-Buy),72
Households,Airdrie and Shotts,Household Reference Person ages 16 to 34,Social Rented: Council (LA) or Housing Association/ Registered Social Landlord,1997
Households,Airdrie and Shotts,Household Reference Person ages 16 to 34,Private rented: Total,1183
Households,Airdrie and Shotts,Household Reference Person ages 16 to 34,Private rented: Private landlord or letting agency,1135
Households,Airdrie and Shotts,Household Reference Person ages 16 to 34,Private rented: Other,45
Households,Airdrie and Shotts,Household Reference Person ages 16 to 34,Lives Rent Free,75
Households,Airdrie and Shotts,Household Reference Person is aged 35 to 49,All Household Reference Persons aged 16 and over,10440
Households,Airdrie and Shotts,Household Reference Person is aged 35 to 49,Owned: Total,6235
Households,Airdrie and Shotts,Household Reference Person is aged 35 to 49,Owned: Owned outright,925
Households,Airdrie and Shotts,Household Reference Person is aged 35 to 49,Owned: Owned with a mortgage or loan,5244
Households,Airdrie and Shotts,Household Reference Person is aged 35 to 49,Owned: Shared ownership (part owned and part rented),9
Households,Airdrie and Shotts,Household Reference Person is aged 35 to 49,Owned: Shared Equity (e.g. LIFT or Help-to-Buy),61
Households,Airdrie and Shotts,Household Reference Person is aged 35 to 49,Social Rented: Council (LA) or Housing Association/ Registered Social Landlord,2973
Households,Airdrie and Shotts,Household Reference Person is aged 35 to 49,Private rented: Total,1148
Households,Airdrie and Shotts,Household Reference Person is aged 35 to 49,Private rented: Private landlord or letting agency,1120
Households,Airdrie and Shotts,Household Reference Person is aged 35 to 49,Private rented: Other,25
Households,Airdrie and Shotts,Household Reference Person is aged 35 to 49,Lives Rent Free,83
Households,Airdrie and Shotts,Household Reference Person is aged 50 to 64,All Household Reference Persons aged 16 and over,13103
Households,Airdrie and Shotts,Household Reference Person is aged 50 to 64,Owned: Total,8768
Households,Airdrie and Shotts,Household Reference Person is aged 50 to 64,Owned: Owned outright,4322
Households,Airdrie and Shotts,Household Reference Person is aged 50 to 64,Owned: Owned with a mortgage or loan,4420
Households,Airdrie and Shotts,Household Reference Person is aged 50 to 64,Owned: Shared ownership (part owned and part rented),13
Households,Airdrie and Shotts,Household Reference Person is aged 50 to 64,Owned: Shared Equity (e.g. LIFT or Help-to-Buy),12
Households,Airdrie and Shotts,Household Reference Person is aged 50 to 64,Social Rented: Council (LA) or Housing Association/ Registered Social Landlord,3554
Households,Airdrie and Shotts,Household Reference Person is aged 50 to 64,Private rented: Total,683
Households,Airdrie and Shotts,Household Reference Person is aged 50 to 64,Private rented: Private landlord or letting agency,661
Households,Airdrie and Shotts,Household Reference Person is aged 50 to 64,Private rented: Other,22
Households,Airdrie and Shotts,Household Reference Person is aged 50 to 64,Lives Rent Free,94
Households,Airdrie and Shotts,Household Reference Person is aged 65 and over,All Household Reference Persons aged 16 and over,11209
Households,Airdrie and Shotts,Household Reference Person is aged 65 and over,Owned: Total,7615
Households,Airdrie and Shotts,Household Reference Person is aged 65 and over,Owned: Owned outright,6825
Households,Airdrie and Shotts,Household Reference Person is aged 65 and over,Owned: Owned with a mortgage or loan,748
Households,Airdrie and Shotts,Household Reference Person is aged 65 and over,Owned: Shared ownership (part owned and part rented),12
Households,Airdrie and Shotts,Household Reference Person is aged 65 and over,Owned: Shared Equity (e.g. LIFT or Help-to-Buy),30
Households,Airdrie and Shotts,Household Reference Person is aged 65 and over,Social Rented: Council (LA) or Housing Association/ Registered Social Landlord,2915
Households,Airdrie and Shotts,Household Reference Person is aged 65 and over,Private rented: Total,401
Households,Airdrie and Shotts,Household Reference Person is aged 65 and over,Private rented: Private landlord or letting agency,351
Households,Airdrie and Shotts,Household Reference Person is aged 65 and over,Private rented: Other,51
Households,Airdrie and Shotts,Household Reference Person is aged 65 and over,Lives Rent Free,277
Households,Alloa and Grangemouth,All Household Reference Persons aged 16 and over,All Household Reference Persons aged 16 and over,43680
Households,Alloa and Grangemouth,All Household Reference Persons aged 16 and over,Owned: Total,28193
Households,Alloa and Grangemouth,All Household Reference Persons aged 16 and over,Owned: Owned outright,14594
Households,Alloa and Grangemouth,All Household Reference Persons aged 16 and over,Owned: Owned with a mortgage or loan,13335
Households,Alloa and Grangemouth,All Household Reference Persons aged 16 and over,Owned: Shared ownership (part owned and part rented),48
Households,Alloa and Grangemouth,All Household Reference Persons aged 16 and over,Owned: Shared Equity (e.g. LIFT or Help-to-Buy),216
Households,Alloa and Grangemouth,All Household Reference Persons aged 16 and over,Social Rented: Council (LA) or Housing Association/ Registered Social Landlord,11292
Households,Alloa and Grangemouth,All Household Reference Persons aged 16 and over,Private rented: Total,3617
Households,Alloa and Grangemouth,All Household Reference Persons aged 16 and over,Private rented: Private landlord or letting agency,3445
Households,Alloa and Grangemouth,All Household Reference Persons aged 16 and over,Private rented: Other,168
Households,Alloa and Grangemouth,All Household Reference Persons aged 16 and over,Lives Rent Free,578
Households,Alloa and Grangemouth,Household Reference Person ages 16 to 34,All Household Reference Persons aged 16 and over,6861
Households,Alloa and Grangemouth,Household Reference Person ages 16 to 34,Owned: Total,3099
Households,Alloa and Grangemouth,Household Reference Person ages 16 to 34,Owned: Owned outright,342
Households,Alloa and Grangemouth,Household Reference Person ages 16 to 34,Owned: Owned with a mortgage or loan,2663
Households,Alloa and Grangemouth,Household Reference Person ages 16 to 34,Owned: Shared ownership (part owned and part rented),9
Households,Alloa and Grangemouth,Household Reference Person ages 16 to 34,Owned: Shared Equity (e.g. LIFT or Help-to-Buy),87
Households,Alloa and Grangemouth,Household Reference Person ages 16 to 34,Social Rented: Council (LA) or Housing Association/ Registered Social Landlord,2407
Households,Alloa and Grangemouth,Household Reference Person ages 16 to 34,Private rented: Total,1246
Households,Alloa and Grangemouth,Household Reference Person ages 16 to 34,Private rented: Private landlord or letting agency,1212
Households,Alloa and Grangemouth,Household Reference Person ages 16 to 34,Private rented: Other,34
Households,Alloa and Grangemouth,Household Reference Person ages 16 to 34,Lives Rent Free,109
Households,Alloa and Grangemouth,Household Reference Person is aged 35 to 49,All Household Reference Persons aged 16 and over,10392
Households,Alloa and Grangemouth,Household Reference Person is aged 35 to 49,Owned: Total,6395
Households,Alloa and Grangemouth,Household Reference Person is aged 35 to 49,Owned: Owned outright,848
Households,Alloa and Grangemouth,Household Reference Person is aged 35 to 49,Owned: Owned with a mortgage or loan,5462
Households,Alloa and Grangemouth,Household Reference Person is aged 35 to 49,Owned: Shared ownership (part owned and part rented),12
Households,Alloa and Grangemouth,Household Reference Person is aged 35 to 49,Owned: Shared Equity (e.g. LIFT or Help-to-Buy),74
Households,Alloa and Grangemouth,Household Reference Person is aged 35 to 49,Social Rented: Council (LA) or Housing Association/ Registered Social Landlord,2855
Households,Alloa and Grangemouth,Household Reference Person is aged 35 to 49,Private rented: Total,1052
Households,Alloa and Grangemouth,Household Reference Person is aged 35 to 49,Private rented: Private landlord or letting agency,1015
Households,Alloa and Grangemouth,Household Reference Person is aged 35 to 49,Private rented: Other,32
Households,Alloa and Grangemouth,Household Reference Person is aged 35 to 49,Lives Rent Free,93
Households,Alloa and Grangemouth,Household Reference Person is aged 50 to 64,All Household Reference Persons aged 16 and over,13768
Households,Alloa and Grangemouth,Household Reference Person is aged 50 to 64,Owned: Total,9536
Households,Alloa and Grangemouth,Household Reference Person is aged 50 to 64,Owned: Owned outright,4944
Households,Alloa and Grangemouth,Household Reference Person is aged 50 to 64,Owned: Owned with a mortgage or loan,4555
Households,Alloa and Grangemouth,Household Reference Person is aged 50 to 64,Owned: Shared ownership (part owned and part rented),10
Households,Alloa and Grangemouth,Household Reference Person is aged 50 to 64,Owned: Shared Equity (e.g. LIFT or Help-to-Buy),23
Households,Alloa and Grangemouth,Household Reference Person is aged 50 to 64,Social Rented: Council (LA) or Housing Association/ Registered Social Landlord,3304
Households,Alloa and Grangemouth,Household Reference Person is aged 50 to 64,Private rented: Total,824
Households,Alloa and Grangemouth,Household Reference Person is aged 50 to 64,Private rented: Private landlord or letting agency,794
Households,Alloa and Grangemouth,Household Reference Person is aged 50 to 64,Private rented: Other,32
Households,Alloa and Grangemouth,Household Reference Person is aged 50 to 64,Lives Rent Free,105
Households,Alloa and Grangemouth,Household Reference Person is aged 65 and over,All Household Reference Persons aged 16 and over,12659
Households,Alloa and Grangemouth,Household Reference Person is aged 65 and over,Owned: Total,9166
Households,Alloa and Grangemouth,Household Reference Person is aged 65 and over,Owned: Owned outright,8460
Households,Alloa and Grangemouth,Household Reference Person is aged 65 and over,Owned: Owned with a mortgage or loan,655
Households,Alloa and Grangemouth,Household Reference Person is aged 65 and over,Owned: Shared ownership (part owned and part rented),19
Households,Alloa and Grangemouth,Household Reference Person is aged 65 and over,Owned: Shared Equity (e.g. LIFT or Help-to-Buy),30
Households,Alloa and Grangemouth,Household Reference Person is aged 65 and over,Social Rented: Council (LA) or Housing Association/ Registered Social Landlord,2726
Households,Alloa and Grangemouth,Household Reference Person is aged 65 and over,Private rented: Total,503
Households,Alloa and Grangemouth,Household Reference Person is aged 65 and over,Private rented: Private landlord or letting agency,423
Households,Alloa and Grangemouth,Household Reference Person is aged 65 and over,Private rented: Other,72
Households,Alloa and Grangemouth,Household Reference Person is aged 65 and over,Lives Rent Free,264
Households,Angus and Perthshire Glens,All Household Reference Persons aged 16 and over,All Household Reference Persons aged 16 and over,46525
Households,Angus and Perthshire Glens,All Household Reference Persons aged 16 and over,Owned: Total,30772
Households,Angus and Perthshire Glens,All Household Reference Persons aged 16 and over,Owned: Owned outright,18988
Households,Angus and Perthshire Glens,All Household Reference Persons aged 16 and over,Owned: Owned with a mortgage or loan,11367
Households,Angus and Perthshire Glens,All Household Reference Persons aged 16 and over,Owned: Shared ownership (part owned and part rented),135
Households,Angus and Perthshire Glens,All Household Reference Persons aged 16 and over,Owned: Shared Equity (e.g. LIFT or Help-to-Buy),277
Households,Angus and Perthshire Glens,All Household Reference Persons aged 16 and over,Social Rented: Council (LA) or Housing Association/ Registered Social Landlord,8408
Households,Angus and Perthshire Glens,All Household Reference Persons aged 16 and over,Private rented: Total,6236
Households,Angus and Perthshire Glens,All Household Reference Persons aged 16 and over,Private rented: Private landlord or letting agency,6025
Households,Angus and Perthshire Glens,All Household Reference Persons aged 16 and over,Private rented: Other,210
Households,Angus and Perthshire Glens,All Household Reference Persons aged 16 and over,Lives Rent Free,1110
Households,Angus and Perthshire Glens,Household Reference Person ages 16 to 34,All Household Reference Persons aged 16 and over,5763
Households,Angus and Perthshire Glens,Household Reference Person ages 16 to 34,Owned: Total,2380
Households,Angus and Perthshire Glens,Household Reference Person ages 16 to 34,Owned: Owned outright,314
Households,Angus and Perthshire Glens,Household Reference Person ages 16 to 34,Owned: Owned with a mortgage or loan,1961
Households,Angus and Perthshire Glens,Household Reference Person ages 16 to 34,Owned: Shared ownership (part owned and part rented),18
Households,Angus and Perthshire Glens,Household Reference Person ages 16 to 34,Owned: Shared Equity (e.g. LIFT or Help-to-Buy),86
Households,Angus and Perthshire Glens,Household Reference Person ages 16 to 34,Social Rented: Council (LA) or Housing Association/ Registered Social Landlord,1585
Households,Angus and Perthshire Glens,Household Reference Person ages 16 to 34,Private rented: Total,1574
Households,Angus and Perthshire Glens,Household Reference Person ages 16 to 34,Private rented: Private landlord or letting agency,1535
Households,Angus and Perthshire Glens,Household Reference Person ages 16 to 34,Private rented: Other,43
Households,Angus and Perthshire Glens,Household Reference Person ages 16 to 34,Lives Rent Free,220
Households,Angus and Perthshire Glens,Household Reference Person is aged 35 to 49,All Household Reference Persons aged 16 and over,9219
Households,Angus and Perthshire Glens,Household Reference Person is aged 35 to 49,Owned: Total,5427
Households,Angus and Perthshire Glens,Household Reference Person is aged 35 to 49,Owned: Owned outright,944
Households,Angus and Perthshire Glens,Household Reference Person is aged 35 to 49,Owned: Owned with a mortgage or loan,4355
Households,Angus and Perthshire Glens,Household Reference Person is aged 35 to 49,Owned: Shared ownership (part owned and part rented),23
Households,Angus and Perthshire Glens,Household Reference Person is aged 35 to 49,Owned: Shared Equity (e.g. LIFT or Help-to-Buy),112
Households,Angus and Perthshire Glens,Household Reference Person is aged 35 to 49,Social Rented: Council (LA) or Housing Association/ Registered Social Landlord,1964
Households,Angus and Perthshire Glens,Household Reference Person is aged 35 to 49,Private rented: Total,1638
Households,Angus and Perthshire Glens,Household Reference Person is aged 35 to 49,Private rented: Private landlord or letting agency,1595
Households,Angus and Perthshire Glens,Household Reference Person is aged 35 to 49,Private rented: Other,43
Households,Angus and Perthshire Glens,Household Reference Person is aged 35 to 49,Lives Rent Free,190
Households,Angus and Perthshire Glens,Household Reference Person is aged 50 to 64,All Household Reference Persons aged 16 and over,14588
Households,Angus and Perthshire Glens,Household Reference Person is aged 50 to 64,Owned: Total,10231
Households,Angus and Perthshire Glens,Household Reference Person is aged 50 to 64,Owned: Owned outright,5874
Households,Angus and Perthshire Glens,Household Reference Person is aged 50 to 64,Owned: Owned with a mortgage or loan,4277
Households,Angus and Perthshire Glens,Household Reference Person is aged 50 to 64,Owned: Shared ownership (part owned and part rented),50
Households,Angus and Perthshire Glens,Household Reference Person is aged 50 to 64,Owned: Shared Equity (e.g. LIFT or Help-to-Buy),29
Households,Angus and Perthshire Glens,Household Reference Person is aged 50 to 64,Social Rented: Council (LA) or Housing Association/ Registered Social Landlord,2317
Households,Angus and Perthshire Glens,Household Reference Person is aged 50 to 64,Private rented: Total,1744
Households,Angus and Perthshire Glens,Household Reference Person is aged 50 to 64,Private rented: Private landlord or letting agency,1697
Households,Angus and Perthshire Glens,Household Reference Person is aged 50 to 64,Private rented: Other,47
Households,Angus and Perthshire Glens,Household Reference Person is aged 50 to 64,Lives Rent Free,296
Households,Angus and Perthshire Glens,Household Reference Person is aged 65 and over,All Household Reference Persons aged 16 and over,16955
Households,Angus and Perthshire Glens,Household Reference Person is aged 65 and over,Owned: Total,12734
Households,Angus and Perthshire Glens,Household Reference Person is aged 65 and over,Owned: Owned outright,11849
Households,Angus and Perthshire Glens,Household Reference Person is aged 65 and over,Owned: Owned with a mortgage or loan,774
Households,Angus and Perthshire Glens,Household Reference Person is aged 65 and over,Owned: Shared ownership (part owned and part rented),55
Households,Angus and Perthshire Glens,Household Reference Person is aged 65 and over,Owned: Shared Equity (e.g. LIFT or Help-to-Buy),53
Households,Angus and Perthshire Glens,Household Reference Person is aged 65 and over,Social Rented: Council (LA) or Housing Association/ Registered Social Landlord,2543
Households,Angus and Perthshire Glens,Household Reference Person is aged 65 and over,Private rented: Total,1275
Households,Angus and Perthshire Glens,Household Reference Person is aged 65 and over,Private rented: Private landlord or letting agency,1198
Households,Angus and Perthshire Glens,Household Reference Person is aged 65 and over,Private rented: Other,77
Households,Angus and Perthshire Glens,Household Reference Person is aged 65 and over,Lives Rent Free,404
Households,Arbroath and Broughty Ferry,All Household Reference Persons aged 16 and over,All Household Reference Persons aged 16 and over,45808
Households,Arbroath and Broughty Ferry,All Household Reference Persons aged 16 and over,Owned: Total,31122
Households,Arbroath and Broughty Ferry,All Household Reference Persons aged 16 and over,Owned: Owned outright,17693
Households,Arbroath and Broughty Ferry,All Household Reference Persons aged 16 and over,Owned: Owned with a mortgage or loan,13111
Households,Arbroath and Broughty Ferry,All Household Reference Persons aged 16 and over,Owned: Shared ownership (part owned and part rented),93
Households,Arbroath and Broughty Ferry,All Household Reference Persons aged 16 and over,Owned: Shared Equity (e.g. LIFT or Help-to-Buy),225
Households,Arbroath and Broughty Ferry,All Household Reference Persons aged 16 and over,Social Rented: Council (LA) or Housing Association/ Registered Social Landlord,9268
Households,Arbroath and Broughty Ferry,All Household Reference Persons aged 16 and over,Private rented: Total,4828
Households,Arbroath and Broughty Ferry,All Household Reference Persons aged 16 and over,Private rented: Private landlord or letting agency,4624
Households,Arbroath and Broughty Ferry,All Household Reference Persons aged 16 and over,Private rented: Other,204
Households,Arbroath and Broughty Ferry,All Household Reference Persons aged 16 and over,Lives Rent Free,590
Households,Arbroath and Broughty Ferry,Household Reference Person ages 16 to 34,All Household Reference Persons aged 16 and over,6053
Households,Arbroath and Broughty Ferry,Household Reference Person ages 16 to 34,Owned: Total,2759
Households,Arbroath and Broughty Ferry,Household Reference Person ages 16 to 34,Owned: Owned outright,273
Households,Arbroath and Broughty Ferry,Household Reference Person ages 16 to 34,Owned: Owned with a mortgage or loan,2406
Households,Arbroath and Broughty Ferry,Household Reference Person ages 16 to 34,Owned: Shared ownership (part owned and part rented),5
Households,Arbroath and Broughty Ferry,Household Reference Person ages 16 to 34,Owned: Shared Equity (e.g. LIFT or Help-to-Buy),75
Households,Arbroath and Broughty Ferry,Household Reference Person ages 16 to 34,Social Rented: Council (LA) or Housing Association/ Registered Social Landlord,1732
Households,Arbroath and Broughty Ferry,Household Reference Person ages 16 to 34,Private rented: Total,1475
Households,Arbroath and Broughty Ferry,Household Reference Person ages 16 to 34,Private rented: Private landlord or letting agency,1425
Households,Arbroath and Broughty Ferry,Household Reference Person ages 16 to 34,Private rented: Other,50
Households,Arbroath and Broughty Ferry,Household Reference Person ages 16 to 34,Lives Rent Free,87
Households,Arbroath and Broughty Ferry,Household Reference Person is aged 35 to 49,All Household Reference Persons aged 16 and over,10351
Households,Arbroath and Broughty Ferry,Household Reference Person is aged 35 to 49,Owned: Total,6352
Households,Arbroath and Broughty Ferry,Household Reference Person is aged 35 to 49,Owned: Owned outright,920
Households,Arbroath and Broughty Ferry,Household Reference Person is aged 35 to 49,Owned: Owned with a mortgage or loan,5357
Households,Arbroath and Broughty Ferry,Household Reference Person is aged 35 to 49,Owned: Shared ownership (part owned and part rented),12
Households,Arbroath and Broughty Ferry,Household Reference Person is aged 35 to 49,Owned: Shared Equity (e.g. LIFT or Help-to-Buy),68
Households,Arbroath and Broughty Ferry,Household Reference Person is aged 35 to 49,Social Rented: Council (LA) or Housing Association/ Registered Social Landlord,2374
Households,Arbroath and Broughty Ferry,Household Reference Person is aged 35 to 49,Private rented: Total,1533
Households,Arbroath and Broughty Ferry,Household Reference Person is aged 35 to 49,Private rented: Private landlord or letting agency,1475
Households,Arbroath and Broughty Ferry,Household Reference Person is aged 35 to 49,Private rented: Other,54
Households,Arbroath and Broughty Ferry,Household Reference Person is aged 35 to 49,Lives Rent Free,96
Households,Arbroath and Broughty Ferry,Household Reference Person is aged 50 to 64,All Household Reference Persons aged 16 and over,13901
Households,Arbroath and Broughty Ferry,Household Reference Person is aged 50 to 64,Owned: Total,9993
Households,Arbroath and Broughty Ferry,Household Reference Person is aged 50 to 64,Owned: Owned outright,5348
Households,Arbroath and Broughty Ferry,Household Reference Person is aged 50 to 64,Owned: Owned with a mortgage or loan,4593
Households,Arbroath and Broughty Ferry,Household Reference Person is aged 50 to 64,Owned: Shared ownership (part owned and part rented),24
Households,Arbroath and Broughty Ferry,Household Reference Person is aged 50 to 64,Owned: Shared Equity (e.g. LIFT or Help-to-Buy),26
Households,Arbroath and Broughty Ferry,Household Reference Person is aged 50 to 64,Social Rented: Council (LA) or Housing Association/ Registered Social Landlord,2703
Households,Arbroath and Broughty Ferry,Household Reference Person is aged 50 to 64,Private rented: Total,1074
Households,Arbroath and Broughty Ferry,Household Reference Person is aged 50 to 64,Private rented: Private landlord or letting agency,1038
Households,Arbroath and Broughty Ferry,Household Reference Person is aged 50 to 64,Private rented: Other,36
Households,Arbroath and Broughty Ferry,Household Reference Person is aged 50 to 64,Lives Rent Free,135
Households,Arbroath and Broughty Ferry,Household Reference Person is aged 65 and over,All Household Reference Persons aged 16 and over,15504
Households,Arbroath and Broughty Ferry,Household Reference Person is aged 65 and over,Owned: Total,12018
Households,Arbroath and Broughty Ferry,Household Reference Person is aged 65 and over,Owned: Owned outright,11157
Households,Arbroath and Broughty Ferry,Household Reference Person is aged 65 and over,Owned: Owned with a mortgage or loan,753
Households,Arbroath and Broughty Ferry,Household Reference Person is aged 65 and over,Owned: Shared ownership (part owned and part rented),55
Households,Arbroath and Broughty Ferry,Household Reference Person is aged 65 and over,Owned: Shared Equity (e.g. LIFT or Help-to-Buy),56
Households,Arbroath and Broughty Ferry,Household Reference Person is aged 65 and over,Social Rented: Council (LA) or Housing Association/ Registered Social Landlord,2461
Households,Arbroath and Broughty Ferry,Household Reference Person is aged 65 and over,Private rented: Total,750
Households,Arbroath and Broughty Ferry,Household Reference Person is aged 65 and over,Private rented: Private landlord or letting agency,686
Households,Arbroath and Broughty Ferry,Household Reference Person is aged 65 and over,Private rented: Other,64
Households,Arbroath and Broughty Ferry,Household Reference Person is aged 65 and over,Lives Rent Free,275
Households,"Argyll, Bute and South Lochaber",All Household Reference Persons aged 16 and over,All Household Reference Persons aged 16 and over,44349
Households,"Argyll, Bute and South Lochaber",All Household Reference Persons aged 16 and over,Owned: Total,29887
Households,"Argyll, Bute and South Lochaber",All Household Reference Persons aged 16 and over,Owned: Owned outright,19607
Households,"Argyll, Bute and South Lochaber",All Household Reference Persons aged 16 and over,Owned: Owned with a mortgage or loan,10003
Households,"Argyll, Bute and South Lochaber",All Household Reference Persons aged 16 and over,Owned: Shared ownership (part owned and part rented),111
Households,"Argyll, Bute and South Lochaber",All Household Reference Persons aged 16 and over,Owned: Shared Equity (e.g. LIFT or Help-to-Buy),163
Households,"Argyll, Bute and South Lochaber",All Household Reference Persons aged 16 and over,Social Rented: Council (LA) or Housing Association/ Registered Social Landlord,8438
Households,"Argyll, Bute and South Lochaber",All Household Reference Persons aged 16 and over,Private rented: Total,5085
Households,"Argyll, Bute and South Lochaber",All Household Reference Persons aged 16 and over,Private rented: Private landlord or letting agency,4559
Households,"Argyll, Bute and South Lochaber",All Household Reference Persons aged 16 and over,Private rented: Other,526
Households,"Argyll, Bute and South Lochaber",All Household Reference Persons aged 16 and over,Lives Rent Free,939
Households,"Argyll, Bute and South Lochaber",Household Reference Person ages 16 to 34,All Household Reference Persons aged 16 and over,4657
Households,"Argyll, Bute and South Lochaber",Household Reference Person ages 16 to 34,Owned: Total,1818
Households,"Argyll, Bute and South Lochaber",Household Reference Person ages 16 to 34,Owned: Owned outright,353
Households,"Argyll, Bute and South Lochaber",Household Reference Person ages 16 to 34,Owned: Owned with a mortgage or loan,1422
Households,"Argyll, Bute and South Lochaber",Household Reference Person ages 16 to 34,Owned: Shared ownership (part owned and part rented),12
Households,"Argyll, Bute and South Lochaber",Household Reference Person ages 16 to 34,Owned: Shared Equity (e.g. LIFT or Help-to-Buy),31
Households,"Argyll, Bute and South Lochaber",Household Reference Person ages 16 to 34,Social Rented: Council (LA) or Housing Association/ Registered Social Landlord,1343
Households,"Argyll, Bute and South Lochaber",Household Reference Person ages 16 to 34,Private rented: Total,1353
Households,"Argyll, Bute and South Lochaber",Household Reference Person ages 16 to 34,Private rented: Private landlord or letting agency,1177
Households,"Argyll, Bute and South Lochaber",Household Reference Person ages 16 to 34,Private rented: Other,176
Households,"Argyll, Bute and South Lochaber",Household Reference Person ages 16 to 34,Lives Rent Free,143
Households,"Argyll, Bute and South Lochaber",Household Reference Person is aged 35 to 49,All Household Reference Persons aged 16 and over,8418
Households,"Argyll, Bute and South Lochaber",Household Reference Person is aged 35 to 49,Owned: Total,4731
Households,"Argyll, Bute and South Lochaber",Household Reference Person is aged 35 to 49,Owned: Owned outright,1078
Households,"Argyll, Bute and South Lochaber",Household Reference Person is aged 35 to 49,Owned: Owned with a mortgage or loan,3586
Households,"Argyll, Bute and South Lochaber",Household Reference Person is aged 35 to 49,Owned: Shared ownership (part owned and part rented),17
Households,"Argyll, Bute and South Lochaber",Household Reference Person is aged 35 to 49,Owned: Shared Equity (e.g. LIFT or Help-to-Buy),50
Households,"Argyll, Bute and South Lochaber",Household Reference Person is aged 35 to 49,Social Rented: Council (LA) or Housing Association/ Registered Social Landlord,2019
Households,"Argyll, Bute and South Lochaber",Household Reference Person is aged 35 to 49,Private rented: Total,1469
Households,"Argyll, Bute and South Lochaber",Household Reference Person is aged 35 to 49,Private rented: Private landlord or letting agency,1282
Households,"Argyll, Bute and South Lochaber",Household Reference Person is aged 35 to 49,Private rented: Other,183
Households,"Argyll, Bute and South Lochaber",Household Reference Person is aged 35 to 49,Lives Rent Free,203
Households,"Argyll, Bute and South Lochaber",Household Reference Person is aged 50 to 64,All Household Reference Persons aged 16 and over,14485
Households,"Argyll, Bute and South Lochaber",Household Reference Person is aged 50 to 64,Owned: Total,10330
Households,"Argyll, Bute and South Lochaber",Household Reference Person is aged 50 to 64,Owned: Owned outright,6212
Households,"Argyll, Bute and South Lochaber",Household Reference Person is aged 50 to 64,Owned: Owned with a mortgage or loan,4050
Households,"Argyll, Bute and South Lochaber",Household Reference Person is aged 50 to 64,Owned: Shared ownership (part owned and part rented),40
Households,"Argyll, Bute and South Lochaber",Household Reference Person is aged 50 to 64,Owned: Shared Equity (e.g. LIFT or Help-to-Buy),24
Households,"Argyll, Bute and South Lochaber",Household Reference Person is aged 50 to 64,Social Rented: Council (LA) or Housing Association/ Registered Social Landlord,2602
Households,"Argyll, Bute and South Lochaber",Household Reference Person is aged 50 to 64,Private rented: Total,1309
Households,"Argyll, Bute and South Lochaber",Household Reference Person is aged 50 to 64,Private rented: Private landlord or letting agency,1223
Households,"Argyll, Bute and South Lochaber",Household Reference Person is aged 50 to 64,Private rented: Other,86
Households,"Argyll, Bute and South Lochaber",Household Reference Person is aged 50 to 64,Lives Rent Free,244
Households,"Argyll, Bute and South Lochaber",Household Reference Person is aged 65 and over,All Household Reference Persons aged 16 and over,16789
Households,"Argyll, Bute and South Lochaber",Household Reference Person is aged 65 and over,Owned: Total,13008
Households,"Argyll, Bute and South Lochaber",Household Reference Person is aged 65 and over,Owned: Owned outright,11964
Households,"Argyll, Bute and South Lochaber",Household Reference Person is aged 65 and over,Owned: Owned with a mortgage or loan,948
Households,"Argyll, Bute and South Lochaber",Household Reference Person is aged 65 and over,Owned: Shared ownership (part owned and part rented),42
Households,"Argyll, Bute and South Lochaber",Household Reference Person is aged 65 and over,Owned: Shared Equity (e.g. LIFT or Help-to-Buy),54
Households,"Argyll, Bute and South Lochaber",Household Reference Person is aged 65 and over,Social Rented: Council (LA) or Housing Association/ Registered Social Landlord,2474
Households,"Argyll, Bute and South Lochaber",Household Reference Person is aged 65 and over,Private rented: Total,958
Households,"Argyll, Bute and South Lochaber",Household Reference Person is aged 65 and over,Private rented: Private landlord or letting agency,877
Households,"Argyll, Bute and South Lochaber",Household Reference Person is aged 65 and over,Private rented: Other,81
Households,"Argyll, Bute and South Lochaber",Household Reference Person is aged 65 and over,Lives Rent Free,349
Households,Bathgate and Linlithgow,All Household Reference Persons aged 16 and over,All Household Reference Persons aged 16 and over,42815
Households,Bathgate and Linlithgow,All Household Reference Persons aged 16 and over,Owned: Total,27845
Households,Bathgate and Linlithgow,All Household Reference Persons aged 16 and over,Owned: Owned outright,13165
Households,Bathgate and Linlithgow,All Household Reference Persons aged 16 and over,Owned: Owned with a mortgage or loan,14187
Households,Bathgate and Linlithgow,All Household Reference Persons aged 16 and over,Owned: Shared ownership (part owned and part rented),65
Households,Bathgate and Linlithgow,All Household Reference Persons aged 16 and over,Owned: Shared Equity (e.g. LIFT or Help-to-Buy),428
Households,Bathgate and Linlithgow,All Household Reference Persons aged 16 and over,Social Rented: Council (LA) or Housing Association/ Registered Social Landlord,10737
Households,Bathgate and Linlithgow,All Household Reference Persons aged 16 and over,Private rented: Total,3771
Households,Bathgate and Linlithgow,All Household Reference Persons aged 16 and over,Private rented: Private landlord or letting agency,3625
Households,Bathgate and Linlithgow,All Household Reference Persons aged 16 and over,Private rented: Other,139
Households,Bathgate and Linlithgow,All Household Reference Persons aged 16 and over,Lives Rent Free,469
Households,Bathgate and Linlithgow,Household Reference Person ages 16 to 34,All Household Reference Persons aged 16 and over,6744
Households,Bathgate and Linlithgow,Household Reference Person ages 16 to 34,Owned: Total,3261
Households,Bathgate and Linlithgow,Household Reference Person ages 16 to 34,Owned: Owned outright,281
Households,Bathgate and Linlithgow,Household Reference Person ages 16 to 34,Owned: Owned with a mortgage or loan,2818
Households,Bathgate and Linlithgow,Household Reference Person ages 16 to 34,Owned: Shared ownership (part owned and part rented),7
Households,Bathgate and Linlithgow,Household Reference Person ages 16 to 34,Owned: Shared Equity (e.g. LIFT or Help-to-Buy),158
Households,Bathgate and Linlithgow,Household Reference Person ages 16 to 34,Social Rented: Council (LA) or Housing Association/ Registered Social Landlord,2234
Households,Bathgate and Linlithgow,Household Reference Person ages 16 to 34,Private rented: Total,1198
Households,Bathgate and Linlithgow,Household Reference Person ages 16 to 34,Private rented: Private landlord or letting agency,1160
Households,Bathgate and Linlithgow,Household Reference Person ages 16 to 34,Private rented: Other,38
Households,Bathgate and Linlithgow,Household Reference Person ages 16 to 34,Lives Rent Free,45
Households,Bathgate and Linlithgow,Household Reference Person is aged 35 to 49,All Household Reference Persons aged 16 and over,11214
Households,Bathgate and Linlithgow,Household Reference Person is aged 35 to 49,Owned: Total,7241
Households,Bathgate and Linlithgow,Household Reference Person is aged 35 to 49,Owned: Owned outright,841
Households,Bathgate and Linlithgow,Household Reference Person is aged 35 to 49,Owned: Owned with a mortgage or loan,6192
Households,Bathgate and Linlithgow,Household Reference Person is aged 35 to 49,Owned: Shared ownership (part owned and part rented),10
Households,Bathgate and Linlithgow,Household Reference Person is aged 35 to 49,Owned: Shared Equity (e.g. LIFT or Help-to-Buy),198
Households,Bathgate and Linlithgow,Household Reference Person is aged 35 to 49,Social Rented: Council (LA) or Housing Association/ Registered Social Landlord,2671
Households,Bathgate and Linlithgow,Household Reference Person is aged 35 to 49,Private rented: Total,1241
Households,Bathgate and Linlithgow,Household Reference Person is aged 35 to 49,Private rented: Private landlord or letting agency,1209
Households,Bathgate and Linlithgow,Household Reference Person is aged 35 to 49,Private rented: Other,31
Households,Bathgate and Linlithgow,Household Reference Person is aged 35 to 49,Lives Rent Free,64
Households,Bathgate and Linlithgow,Household Reference Person is aged 50 to 64,All Household Reference Persons aged 16 and over,13144
Households,Bathgate and Linlithgow,Household Reference Person is aged 50 to 64,Owned: Total,9112
Households,Bathgate and Linlithgow,Household Reference Person is aged 50 to 64,Owned: Owned outright,4535
Households,Bathgate and Linlithgow,Household Reference Person is aged 50 to 64,Owned: Owned with a mortgage or loan,4507
Households,Bathgate and Linlithgow,Household Reference Person is aged 50 to 64,Owned: Shared ownership (part owned and part rented),18
Households,Bathgate and Linlithgow,Household Reference Person is aged 50 to 64,Owned: Shared Equity (e.g. LIFT or Help-to-Buy),54
Households,Bathgate and Linlithgow,Household Reference Person is aged 50 to 64,Social Rented: Council (LA) or Housing Association/ Registered Social Landlord,3141
Households,Bathgate and Linlithgow,Household Reference Person is aged 50 to 64,Private rented: Total,816
Households,Bathgate and Linlithgow,Household Reference Person is aged 50 to 64,Private rented: Private landlord or letting agency,794
Households,Bathgate and Linlithgow,Household Reference Person is aged 50 to 64,Private rented: Other,22
Households,Bathgate and Linlithgow,Household Reference Person is aged 50 to 64,Lives Rent Free,75
Households,Bathgate and Linlithgow,Household Reference Person is aged 65 and over,All Household Reference Persons aged 16 and over,11713
Households,Bathgate and Linlithgow,Household Reference Person is aged 65 and over,Owned: Total,8228
Households,Bathgate and Linlithgow,Household Reference Person is aged 65 and over,Owned: Owned outright,7508
Households,Bathgate and Linlithgow,Household Reference Person is aged 65 and over,Owned: Owned with a mortgage or loan,670
Households,Bathgate and Linlithgow,Household Reference Person is aged 65 and over,Owned: Shared ownership (part owned and part rented),30
Households,Bathgate and Linlithgow,Household Reference Person is aged 65 and over,Owned: Shared Equity (e.g. LIFT or Help-to-Buy),20
Households,Bathgate and Linlithgow,Household Reference Person is aged 65 and over,Social Rented: Council (LA) or Housing Association/ Registered Social Landlord,2685
Households,Bathgate and Linlithgow,Household Reference Person is aged 65 and over,Private rented: Total,515
Households,Bathgate and Linlithgow,Household Reference Person is aged 65 and over,Private rented: Private landlord or letting agency,463
Households,Bathgate and Linlithgow,Household Reference Person is aged 65 and over,Private rented: Other,48
Households,Bathgate and Linlithgow,Household Reference Person is aged 65 and over,Lives Rent Free,285
Households,"Caithness, Sutherland and Easter Ross",All Household Reference Persons aged 16 and over,All Household Reference Persons aged 16 and over,45541
Households,"Caithness, Sutherland and Easter Ross",All Household Reference Persons aged 16 and over,Owned: Total,31277
Households,"Caithness, Sutherland and Easter Ross",All Household Reference Persons aged 16 and over,Owned: Owned outright,20223
Households,"Caithness, Sutherland and Easter Ross",All Household Reference Persons aged 16 and over,Owned: Owned with a mortgage or loan,10573
Households,"Caithness, Sutherland and Easter Ross",All Household Reference Persons aged 16 and over,Owned: Shared ownership (part owned and part rented),86
Households,"Caithness, Sutherland and Easter Ross",All Household Reference Persons aged 16 and over,Owned: Shared Equity (e.g. LIFT or Help-to-Buy),395
Households,"Caithness, Sutherland and Easter Ross",All Household Reference Persons aged 16 and over,Social Rented: Council (LA) or Housing Association/ Registered Social Landlord,9123
Households,"Caithness, Sutherland and Easter Ross",All Household Reference Persons aged 16 and over,Private rented: Total,4075
Households,"Caithness, Sutherland and Easter Ross",All Household Reference Persons aged 16 and over,Private rented: Private landlord or letting agency,3892
Households,"Caithness, Sutherland and Easter Ross",All Household Reference Persons aged 16 and over,Private rented: Other,183
Households,"Caithness, Sutherland and Easter Ross",All Household Reference Persons aged 16 and over,Lives Rent Free,1064
Households,"Caithness, Sutherland and Easter Ross",Household Reference Person ages 16 to 34,All Household Reference Persons aged 16 and over,5582
Households,"Caithness, Sutherland and Easter Ross",Household Reference Person ages 16 to 34,Owned: Total,2390
Households,"Caithness, Sutherland and Easter Ross",Household Reference Person ages 16 to 34,Owned: Owned outright,372
Households,"Caithness, Sutherland and Easter Ross",Household Reference Person ages 16 to 34,Owned: Owned with a mortgage or loan,1871
Households,"Caithness, Sutherland and Easter Ross",Household Reference Person ages 16 to 34,Owned: Shared ownership (part owned and part rented),15
Households,"Caithness, Sutherland and Easter Ross",Household Reference Person ages 16 to 34,Owned: Shared Equity (e.g. LIFT or Help-to-Buy),136
Households,"Caithness, Sutherland and Easter Ross",Household Reference Person ages 16 to 34,Social Rented: Council (LA) or Housing Association/ Registered Social Landlord,1931
Households,"Caithness, Sutherland and Easter Ross",Household Reference Person ages 16 to 34,Private rented: Total,1103
Households,"Caithness, Sutherland and Easter Ross",Household Reference Person ages 16 to 34,Private rented: Private landlord or letting agency,1057
Households,"Caithness, Sutherland and Easter Ross",Household Reference Person ages 16 to 34,Private rented: Other,46
Households,"Caithness, Sutherland and Easter Ross",Household Reference Person ages 16 to 34,Lives Rent Free,158
Households,"Caithness, Sutherland and Easter Ross",Household Reference Person is aged 35 to 49,All Household Reference Persons aged 16 and over,9403
Households,"Caithness, Sutherland and Easter Ross",Household Reference Person is aged 35 to 49,Owned: Total,5705
Households,"Caithness, Sutherland and Easter Ross",Household Reference Person is aged 35 to 49,Owned: Owned outright,1399
Households,"Caithness, Sutherland and Easter Ross",Household Reference Person is aged 35 to 49,Owned: Owned with a mortgage or loan,4132
Households,"Caithness, Sutherland and Easter Ross",Household Reference Person is aged 35 to 49,Owned: Shared ownership (part owned and part rented),23
Households,"Caithness, Sutherland and Easter Ross",Household Reference Person is aged 35 to 49,Owned: Shared Equity (e.g. LIFT or Help-to-Buy),152
Households,"Caithness, Sutherland and Easter Ross",Household Reference Person is aged 35 to 49,Social Rented: Council (LA) or Housing Association/ Registered Social Landlord,2399
Households,"Caithness, Sutherland and Easter Ross",Household Reference Person is aged 35 to 49,Private rented: Total,1104
Households,"Caithness, Sutherland and Easter Ross",Household Reference Person is aged 35 to 49,Private rented: Private landlord or letting agency,1060
Households,"Caithness, Sutherland and Easter Ross",Household Reference Person is aged 35 to 49,Private rented: Other,44
Households,"Caithness, Sutherland and Easter Ross",Household Reference Person is aged 35 to 49,Lives Rent Free,193
Households,"Caithness, Sutherland and Easter Ross",Household Reference Person is aged 50 to 64,All Household Reference Persons aged 16 and over,14356
Households,"Caithness, Sutherland and Easter Ross",Household Reference Person is aged 50 to 64,Owned: Total,10439
Households,"Caithness, Sutherland and Easter Ross",Household Reference Person is aged 50 to 64,Owned: Owned outright,6554
Households,"Caithness, Sutherland and Easter Ross",Household Reference Person is aged 50 to 64,Owned: Owned with a mortgage or loan,3810
Households,"Caithness, Sutherland and Easter Ross",Household Reference Person is aged 50 to 64,Owned: Shared ownership (part owned and part rented),32
Households,"Caithness, Sutherland and Easter Ross",Household Reference Person is aged 50 to 64,Owned: Shared Equity (e.g. LIFT or Help-to-Buy),47
Households,"Caithness, Sutherland and Easter Ross",Household Reference Person is aged 50 to 64,Social Rented: Council (LA) or Housing Association/ Registered Social Landlord,2552
Households,"Caithness, Sutherland and Easter Ross",Household Reference Person is aged 50 to 64,Private rented: Total,1114
Households,"Caithness, Sutherland and Easter Ross",Household Reference Person is aged 50 to 64,Private rented: Private landlord or letting agency,1079
Households,"Caithness, Sutherland and Easter Ross",Household Reference Person is aged 50 to 64,Private rented: Other,35
Households,"Caithness, Sutherland and Easter Ross",Household Reference Person is aged 50 to 64,Lives Rent Free,254
Households,"Caithness, Sutherland and Easter Ross",Household Reference Person is aged 65 and over,All Household Reference Persons aged 16 and over,16198
Households,"Caithness, Sutherland and Easter Ross",Household Reference Person is aged 65 and over,Owned: Total,12743
Households,"Caithness, Sutherland and Easter Ross",Household Reference Person is aged 65 and over,Owned: Owned outright,11899
Households,"Caithness, Sutherland and Easter Ross",Household Reference Person is aged 65 and over,Owned: Owned with a mortgage or loan,761
Households,"Caithness, Sutherland and Easter Ross",Household Reference Person is aged 65 and over,Owned: Shared ownership (part owned and part rented),20
Households,"Caithness, Sutherland and Easter Ross",Household Reference Person is aged 65 and over,Owned: Shared Equity (e.g. LIFT or Help-to-Buy),63
Households,"Caithness, Sutherland and Easter Ross",Household Reference Person is aged 65 and over,Social Rented: Council (LA) or Housing Association/ Registered Social Landlord,2241
Households,"Caithness, Sutherland and Easter Ross",Household Reference Person is aged 65 and over,Private rented: Total,754
Households,"Caithness, Sutherland and Easter Ross",Household Reference Person is aged 65 and over,Private rented: Private landlord or letting agency,696
Households,"Caithness, Sutherland and Easter Ross",Household Reference Person is aged 65 and over,Private rented: Other,58
Households,"Caithness, Sutherland and Easter Ross",Household Reference Person is aged 65 and over,Lives Rent Free,465
Households,Coatbridge and Bellshill,All Household Reference Persons aged 16 and over,All Household Reference Persons aged 16 and over,42252
Households,Coatbridge and Bellshill,All Household Reference Persons aged 16 and over,Owned: Total,25872
Households,Coatbridge and Bellshill,All Household Reference Persons aged 16 and over,Owned: Owned outright,11973
Households,Coatbridge and Bellshill,All Household Reference Persons aged 16 and over,Owned: Owned with a mortgage or loan,13662
Households,Coatbridge and Bellshill,All Household Reference Persons aged 16 and over,Owned: Shared ownership (part owned and part rented),46
Households,Coatbridge and Bellshill,All Household Reference Persons aged 16 and over,Owned: Shared Equity (e.g. LIFT or Help-to-Buy),191
Households,Coatbridge and Bellshill,All Household Reference Persons aged 16 and over,Social Rented: Council (LA) or Housing Association/ Registered Social Landlord,12413
Households,Coatbridge and Bellshill,All Household Reference Persons aged 16 and over,Private rented: Total,3498
Households,Coatbridge and Bellshill,All Household Reference Persons aged 16 and over,Private rented: Private landlord or letting agency,3405
Households,Coatbridge and Bellshill,All Household Reference Persons aged 16 and over,Private rented: Other,93
Households,Coatbridge and Bellshill,All Household Reference Persons aged 16 and over,Lives Rent Free,469
Households,Coatbridge and Bellshill,Household Reference Person ages 16 to 34,All Household Reference Persons aged 16 and over,6294
Households,Coatbridge and Bellshill,Household Reference Person ages 16 to 34,Owned: Total,2955
Households,Coatbridge and Bellshill,Household Reference Person ages 16 to 34,Owned: Owned outright,314
Households,Coatbridge and Bellshill,Household Reference Person ages 16 to 34,Owned: Owned with a mortgage or loan,2546
Households,Coatbridge and Bellshill,Household Reference Person ages 16 to 34,Owned: Shared ownership (part owned and part rented),3
Households,Coatbridge and Bellshill,Household Reference Person ages 16 to 34,Owned: Shared Equity (e.g. LIFT or Help-to-Buy),93
Households,Coatbridge and Bellshill,Household Reference Person ages 16 to 34,Social Rented: Council (LA) or Housing Association/ Registered Social Landlord,2053
Households,Coatbridge and Bellshill,Household Reference Person ages 16 to 34,Private rented: Total,1214
Households,Coatbridge and Bellshill,Household Reference Person ages 16 to 34,Private rented: Private landlord or letting agency,1195
Households,Coatbridge and Bellshill,Household Reference Person ages 16 to 34,Private rented: Other,19
Households,Coatbridge and Bellshill,Household Reference Person ages 16 to 34,Lives Rent Free,73
Households,Coatbridge and Bellshill,Household Reference Person is aged 35 to 49,All Household Reference Persons aged 16 and over,10735
Households,Coatbridge and Bellshill,Household Reference Person is aged 35 to 49,Owned: Total,6429
Households,Coatbridge and Bellshill,Household Reference Person is aged 35 to 49,Owned: Owned outright,791
Households,Coatbridge and Bellshill,Household Reference Person is aged 35 to 49,Owned: Owned with a mortgage or loan,5557
Households,Coatbridge and Bellshill,Household Reference Person is aged 35 to 49,Owned: Shared ownership (part owned and part rented),17
Households,Coatbridge and Bellshill,Household Reference Person is aged 35 to 49,Owned: Shared Equity (e.g. LIFT or Help-to-Buy),64
Households,Coatbridge and Bellshill,Household Reference Person is aged 35 to 49,Social Rented: Council (LA) or Housing Association/ Registered Social Landlord,3049
Households,Coatbridge and Bellshill,Household Reference Person is aged 35 to 49,Private rented: Total,1189
Households,Coatbridge and Bellshill,Household Reference Person is aged 35 to 49,Private rented: Private landlord or letting agency,1166
Households,Coatbridge and Bellshill,Household Reference Person is aged 35 to 49,Private rented: Other,23
Households,Coatbridge and Bellshill,Household Reference Person is aged 35 to 49,Lives Rent Free,68
Households,Coatbridge and Bellshill,Household Reference Person is aged 50 to 64,All Household Reference Persons aged 16 and over,13921
Households,Coatbridge and Bellshill,Household Reference Person is aged 50 to 64,Owned: Total,9105
Households,Coatbridge and Bellshill,Household Reference Person is aged 50 to 64,Owned: Owned outright,4298
Households,Coatbridge and Bellshill,Household Reference Person is aged 50 to 64,Owned: Owned with a mortgage or loan,4780
Households,Coatbridge and Bellshill,Household Reference Person is aged 50 to 64,Owned: Shared ownership (part owned and part rented),11
Households,Coatbridge and Bellshill,Household Reference Person is aged 50 to 64,Owned: Shared Equity (e.g. LIFT or Help-to-Buy),15
Households,Coatbridge and Bellshill,Household Reference Person is aged 50 to 64,Social Rented: Council (LA) or Housing Association/ Registered Social Landlord,3971
Households,Coatbridge and Bellshill,Household Reference Person is aged 50 to 64,Private rented: Total,751
Households,Coatbridge and Bellshill,Household Reference Person is aged 50 to 64,Private rented: Private landlord or letting agency,728
Households,Coatbridge and Bellshill,Household Reference Person is aged 50 to 64,Private rented: Other,23
Households,Coatbridge and Bellshill,Household Reference Person is aged 50 to 64,Lives Rent Free,90
Households,Coatbridge and Bellshill,Household Reference Person is aged 65 and over,All Household Reference Persons aged 16 and over,11301
Households,Coatbridge and Bellshill,Household Reference Person is aged 65 and over,Owned: Total,7383
Households,Coatbridge and Bellshill,Household Reference Person is aged 65 and over,Owned: Owned outright,6569
Households,Coatbridge and Bellshill,Household Reference Person is aged 65 and over,Owned: Owned with a mortgage or loan,780
Households,Coatbridge and Bellshill,Household Reference Person is aged 65 and over,Owned: Shared ownership (part owned and part rented),12
Households,Coatbridge and Bellshill,Household Reference Person is aged 65 and over,Owned: Shared Equity (e.g. LIFT or Help-to-Buy),19
Households,Coatbridge and Bellshill,Household Reference Person is aged 65 and over,Social Rented: Council (LA) or Housing Association/ Registered Social Landlord,3336
Households,Coatbridge and Bellshill,Household Reference Person is aged 65 and over,Private rented: Total,344
Households,Coatbridge and Bellshill,Household Reference Person is aged 65 and over,Private rented: Private landlord or letting agency,316
Households,Coatbridge and Bellshill,Household Reference Person is aged 65 and over,Private rented: Other,28
Households,Coatbridge and Bellshill,Household Reference Person is aged 65 and over,Lives Rent Free,238
Households,Cowdenbeath and Kirkcaldy,All Household Reference Persons aged 16 and over,All Household Reference Persons aged 16 and over,44645
Households,Cowdenbeath and Kirkcaldy,All Household Reference Persons aged 16 and over,Owned: Total,29055
Households,Cowdenbeath and Kirkcaldy,All Household Reference Persons aged 16 and over,Owned: Owned outright,15725
Households,Cowdenbeath and Kirkcaldy,All Household Reference Persons aged 16 and over,Owned: Owned with a mortgage or loan,13018
Households,Cowdenbeath and Kirkcaldy,All Household Reference Persons aged 16 and over,Owned: Shared ownership (part owned and part rented),63
Households,Cowdenbeath and Kirkcaldy,All Household Reference Persons aged 16 and over,Owned: Shared Equity (e.g. LIFT or Help-to-Buy),249
Households,Cowdenbeath and Kirkcaldy,All Household Reference Persons aged 16 and over,Social Rented: Council (LA) or Housing Association/ Registered Social Landlord,10129
Households,Cowdenbeath and Kirkcaldy,All Household Reference Persons aged 16 and over,Private rented: Total,4876
Households,Cowdenbeath and Kirkcaldy,All Household Reference Persons aged 16 and over,Private rented: Private landlord or letting agency,4719
Households,Cowdenbeath and Kirkcaldy,All Household Reference Persons aged 16 and over,Private rented: Other,157
Households,Cowdenbeath and Kirkcaldy,All Household Reference Persons aged 16 and over,Lives Rent Free,585
Households,Cowdenbeath and Kirkcaldy,Household Reference Person ages 16 to 34,All Household Reference Persons aged 16 and over,6556
Households,Cowdenbeath and Kirkcaldy,Household Reference Person ages 16 to 34,Owned: Total,2943
Households,Cowdenbeath and Kirkcaldy,Household Reference Person ages 16 to 34,Owned: Owned outright,307
Households,Cowdenbeath and Kirkcaldy,Household Reference Person ages 16 to 34,Owned: Owned with a mortgage or loan,2537
Households,Cowdenbeath and Kirkcaldy,Household Reference Person ages 16 to 34,Owned: Shared ownership (part owned and part rented),9
Households,Cowdenbeath and Kirkcaldy,Household Reference Person ages 16 to 34,Owned: Shared Equity (e.g. LIFT or Help-to-Buy),93
Households,Cowdenbeath and Kirkcaldy,Household Reference Person ages 16 to 34,Social Rented: Council (LA) or Housing Association/ Registered Social Landlord,1932
Households,Cowdenbeath and Kirkcaldy,Household Reference Person ages 16 to 34,Private rented: Total,1594
Households,Cowdenbeath and Kirkcaldy,Household Reference Person ages 16 to 34,Private rented: Private landlord or letting agency,1543
Households,Cowdenbeath and Kirkcaldy,Household Reference Person ages 16 to 34,Private rented: Other,51
Households,Cowdenbeath and Kirkcaldy,Household Reference Person ages 16 to 34,Lives Rent Free,87
Households,Cowdenbeath and Kirkcaldy,Household Reference Person is aged 35 to 49,All Household Reference Persons aged 16 and over,10610
Households,Cowdenbeath and Kirkcaldy,Household Reference Person is aged 35 to 49,Owned: Total,6367
Households,Cowdenbeath and Kirkcaldy,Household Reference Person is aged 35 to 49,Owned: Owned outright,915
Households,Cowdenbeath and Kirkcaldy,Household Reference Person is aged 35 to 49,Owned: Owned with a mortgage or loan,5351
Households,Cowdenbeath and Kirkcaldy,Household Reference Person is aged 35 to 49,Owned: Shared ownership (part owned and part rented),22
Households,Cowdenbeath and Kirkcaldy,Household Reference Person is aged 35 to 49,Owned: Shared Equity (e.g. LIFT or Help-to-Buy),83
Households,Cowdenbeath and Kirkcaldy,Household Reference Person is aged 35 to 49,Social Rented: Council (LA) or Housing Association/ Registered Social Landlord,2573
Households,Cowdenbeath and Kirkcaldy,Household Reference Person is aged 35 to 49,Private rented: Total,1584
Households,Cowdenbeath and Kirkcaldy,Household Reference Person is aged 35 to 49,Private rented: Private landlord or letting agency,1550
Households,Cowdenbeath and Kirkcaldy,Household Reference Person is aged 35 to 49,Private rented: Other,34
Households,Cowdenbeath and Kirkcaldy,Household Reference Person is aged 35 to 49,Lives Rent Free,86
Households,Cowdenbeath and Kirkcaldy,Household Reference Person is aged 50 to 64,All Household Reference Persons aged 16 and over,13560
Households,Cowdenbeath and Kirkcaldy,Household Reference Person is aged 50 to 64,Owned: Total,9309
Households,Cowdenbeath and Kirkcaldy,Household Reference Person is aged 50 to 64,Owned: Owned outright,4860
Households,Cowdenbeath and Kirkcaldy,Household Reference Person is aged 50 to 64,Owned: Owned with a mortgage or loan,4406
Households,Cowdenbeath and Kirkcaldy,Household Reference Person is aged 50 to 64,Owned: Shared ownership (part owned and part rented),17
Households,Cowdenbeath and Kirkcaldy,Household Reference Person is aged 50 to 64,Owned: Shared Equity (e.g. LIFT or Help-to-Buy),26
Households,Cowdenbeath and Kirkcaldy,Household Reference Person is aged 50 to 64,Social Rented: Council (LA) or Housing Association/ Registered Social Landlord,3039
Households,Cowdenbeath and Kirkcaldy,Household Reference Person is aged 50 to 64,Private rented: Total,1094
Households,Cowdenbeath and Kirkcaldy,Household Reference Person is aged 50 to 64,Private rented: Private landlord or letting agency,1061
Households,Cowdenbeath and Kirkcaldy,Household Reference Person is aged 50 to 64,Private rented: Other,33
Households,Cowdenbeath and Kirkcaldy,Household Reference Person is aged 50 to 64,Lives Rent Free,125
Households,Cowdenbeath and Kirkcaldy,Household Reference Person is aged 65 and over,All Household Reference Persons aged 16 and over,13919
Households,Cowdenbeath and Kirkcaldy,Household Reference Person is aged 65 and over,Owned: Total,10436
Households,Cowdenbeath and Kirkcaldy,Household Reference Person is aged 65 and over,Owned: Owned outright,9643
Households,Cowdenbeath and Kirkcaldy,Household Reference Person is aged 65 and over,Owned: Owned with a mortgage or loan,727
Households,Cowdenbeath and Kirkcaldy,Household Reference Person is aged 65 and over,Owned: Shared ownership (part owned and part rented),19
Households,Cowdenbeath and Kirkcaldy,Household Reference Person is aged 65 and over,Owned: Shared Equity (e.g. LIFT or Help-to-Buy),47
Households,Cowdenbeath and Kirkcaldy,Household Reference Person is aged 65 and over,Social Rented: Council (LA) or Housing Association/ Registered Social Landlord,2592
Households,Cowdenbeath and Kirkcaldy,Household Reference Person is aged 65 and over,Private rented: Total,604
Households,Cowdenbeath and Kirkcaldy,Household Reference Person is aged 65 and over,Private rented: Private landlord or letting agency,565
Households,Cowdenbeath and Kirkcaldy,Household Reference Person is aged 65 and over,Private rented: Other,39
Households,Cowdenbeath and Kirkcaldy,Household Reference Person is aged 65 and over,Lives Rent Free,289
Households,Cumbernauld and Kirkintilloch,All Household Reference Persons aged 16 and over,All Household Reference Persons aged 16 and over,40584
Households,Cumbernauld and Kirkintilloch,All Household Reference Persons aged 16 and over,Owned: Total,27991
Households,Cumbernauld and Kirkintilloch,All Household Reference Persons aged 16 and over,Owned: Owned outright,13829
Households,Cumbernauld and Kirkintilloch,All Household Reference Persons aged 16 and over,Owned: Owned with a mortgage or loan,13837
Households,Cumbernauld and Kirkintilloch,All Household Reference Persons aged 16 and over,Owned: Shared ownership (part owned and part rented),39
Households,Cumbernauld and Kirkintilloch,All Household Reference Persons aged 16 and over,Owned: Shared Equity (e.g. LIFT or Help-to-Buy),286
Households,Cumbernauld and Kirkintilloch,All Household Reference Persons aged 16 and over,Social Rented: Council (LA) or Housing Association/ Registered Social Landlord,8579
Households,Cumbernauld and Kirkintilloch,All Household Reference Persons aged 16 and over,Private rented: Total,3626
Households,Cumbernauld and Kirkintilloch,All Household Reference Persons aged 16 and over,Private rented: Private landlord or letting agency,3493
Households,Cumbernauld and Kirkintilloch,All Household Reference Persons aged 16 and over,Private rented: Other,133
Households,Cumbernauld and Kirkintilloch,All Household Reference Persons aged 16 and over,Lives Rent Free,391
Households,Cumbernauld and Kirkintilloch,Household Reference Person ages 16 to 34,All Household Reference Persons aged 16 and over,5638
Households,Cumbernauld and Kirkintilloch,Household Reference Person ages 16 to 34,Owned: Total,2721
Households,Cumbernauld and Kirkintilloch,Household Reference Person ages 16 to 34,Owned: Owned outright,321
Households,Cumbernauld and Kirkintilloch,Household Reference Person ages 16 to 34,Owned: Owned with a mortgage or loan,2316
Households,Cumbernauld and Kirkintilloch,Household Reference Person ages 16 to 34,Owned: Shared ownership (part owned and part rented),7
Households,Cumbernauld and Kirkintilloch,Household Reference Person ages 16 to 34,Owned: Shared Equity (e.g. LIFT or Help-to-Buy),83
Households,Cumbernauld and Kirkintilloch,Household Reference Person ages 16 to 34,Social Rented: Council (LA) or Housing Association/ Registered Social Landlord,1615
Households,Cumbernauld and Kirkintilloch,Household Reference Person ages 16 to 34,Private rented: Total,1229
Households,Cumbernauld and Kirkintilloch,Household Reference Person ages 16 to 34,Private rented: Private landlord or letting agency,1190
Households,Cumbernauld and Kirkintilloch,Household Reference Person ages 16 to 34,Private rented: Other,39
Households,Cumbernauld and Kirkintilloch,Household Reference Person ages 16 to 34,Lives Rent Free,72
Households,Cumbernauld and Kirkintilloch,Household Reference Person is aged 35 to 49,All Household Reference Persons aged 16 and over,9950
Households,Cumbernauld and Kirkintilloch,Household Reference Person is aged 35 to 49,Owned: Total,6613
Households,Cumbernauld and Kirkintilloch,Household Reference Person is aged 35 to 49,Owned: Owned outright,846
Households,Cumbernauld and Kirkintilloch,Household Reference Person is aged 35 to 49,Owned: Owned with a mortgage or loan,5663
Households,Cumbernauld and Kirkintilloch,Household Reference Person is aged 35 to 49,Owned: Shared ownership (part owned and part rented),10
Households,Cumbernauld and Kirkintilloch,Household Reference Person is aged 35 to 49,Owned: Shared Equity (e.g. LIFT or Help-to-Buy),90
Households,Cumbernauld and Kirkintilloch,Household Reference Person is aged 35 to 49,Social Rented: Council (LA) or Housing Association/ Registered Social Landlord,2088
Households,Cumbernauld and Kirkintilloch,Household Reference Person is aged 35 to 49,Private rented: Total,1197
Households,Cumbernauld and Kirkintilloch,Household Reference Person is aged 35 to 49,Private rented: Private landlord or letting agency,1164
Households,Cumbernauld and Kirkintilloch,Household Reference Person is aged 35 to 49,Private rented: Other,30
Households,Cumbernauld and Kirkintilloch,Household Reference Person is aged 35 to 49,Lives Rent Free,55
Households,Cumbernauld and Kirkintilloch,Household Reference Person is aged 50 to 64,All Household Reference Persons aged 16 and over,13016
Households,Cumbernauld and Kirkintilloch,Household Reference Person is aged 50 to 64,Owned: Total,9571
Households,Cumbernauld and Kirkintilloch,Household Reference Person is aged 50 to 64,Owned: Owned outright,4499
Households,Cumbernauld and Kirkintilloch,Household Reference Person is aged 50 to 64,Owned: Owned with a mortgage or loan,5019
Households,Cumbernauld and Kirkintilloch,Household Reference Person is aged 50 to 64,Owned: Shared ownership (part owned and part rented),12
Households,Cumbernauld and Kirkintilloch,Household Reference Person is aged 50 to 64,Owned: Shared Equity (e.g. LIFT or Help-to-Buy),41
Households,Cumbernauld and Kirkintilloch,Household Reference Person is aged 50 to 64,Social Rented: Council (LA) or Housing Association/ Registered Social Landlord,2587
Households,Cumbernauld and Kirkintilloch,Household Reference Person is aged 50 to 64,Private rented: Total,781
Households,Cumbernauld and Kirkintilloch,Household Reference Person is aged 50 to 64,Private rented: Private landlord or letting agency,751
Households,Cumbernauld and Kirkintilloch,Household Reference Person is aged 50 to 64,Private rented: Other,30
Households,Cumbernauld and Kirkintilloch,Household Reference Person is aged 50 to 64,Lives Rent Free,77
Households,Cumbernauld and Kirkintilloch,Household Reference Person is aged 65 and over,All Household Reference Persons aged 16 and over,11976
Households,Cumbernauld and Kirkintilloch,Household Reference Person is aged 65 and over,Owned: Total,9080
Households,Cumbernauld and Kirkintilloch,Household Reference Person is aged 65 and over,Owned: Owned outright,8163
Households,Cumbernauld and Kirkintilloch,Household Reference Person is aged 65 and over,Owned: Owned with a mortgage or loan,835
Households,Cumbernauld and Kirkintilloch,Household Reference Person is aged 65 and over,Owned: Shared ownership (part owned and part rented),12
Households,Cumbernauld and Kirkintilloch,Household Reference Person is aged 65 and over,Owned: Shared Equity (e.g. LIFT or Help-to-Buy),72
Households,Cumbernauld and Kirkintilloch,Household Reference Person is aged 65 and over,Social Rented: Council (LA) or Housing Association/ Registered Social Landlord,2285
Households,Cumbernauld and Kirkintilloch,Household Reference Person is aged 65 and over,Private rented: Total,424
Households,Cumbernauld and Kirkintilloch,Household Reference Person is aged 65 and over,Private rented: Private landlord or letting agency,384
Households,Cumbernauld and Kirkintilloch,Household Reference Person is aged 65 and over,Private rented: Other,34
Households,Cumbernauld and Kirkintilloch,Household Reference Person is aged 65 and over,Lives Rent Free,187
Households,Dumfries and Galloway,All Household Reference Persons aged 16 and over,All Household Reference Persons aged 16 and over,46707
Households,Dumfries and Galloway,All Household Reference Persons aged 16 and over,Owned: Total,30374
Households,Dumfries and Galloway,All Household Reference Persons aged 16 and over,Owned: Owned outright,20050
Households,Dumfries and Galloway,All Household Reference Persons aged 16 and over,Owned: Owned with a mortgage or loan,10008
Households,Dumfries and Galloway,All Household Reference Persons aged 16 and over,Owned: Shared ownership (part owned and part rented),139
Households,Dumfries and Galloway,All Household Reference Persons aged 16 and over,Owned: Shared Equity (e.g. LIFT or Help-to-Buy),174
Households,Dumfries and Galloway,All Household Reference Persons aged 16 and over,Social Rented: Council (LA) or Housing Association/ Registered Social Landlord,8845
Households,Dumfries and Galloway,All Household Reference Persons aged 16 and over,Private rented: Total,6353
Households,Dumfries and Galloway,All Household Reference Persons aged 16 and over,Private rented: Private landlord or letting agency,6111
Households,Dumfries and Galloway,All Household Reference Persons aged 16 and over,Private rented: Other,239
Households,Dumfries and Galloway,All Household Reference Persons aged 16 and over,Lives Rent Free,1135
Households,Dumfries and Galloway,Household Reference Person ages 16 to 34,All Household Reference Persons aged 16 and over,6186
Households,Dumfries and Galloway,Household Reference Person ages 16 to 34,Owned: Total,2437
Households,Dumfries and Galloway,Household Reference Person ages 16 to 34,Owned: Owned outright,443
Households,Dumfries and Galloway,Household Reference Person ages 16 to 34,Owned: Owned with a mortgage or loan,1919
Households,Dumfries and Galloway,Household Reference Person ages 16 to 34,Owned: Shared ownership (part owned and part rented),15
Households,Dumfries and Galloway,Household Reference Person ages 16 to 34,Owned: Shared Equity (e.g. LIFT or Help-to-Buy),59
Households,Dumfries and Galloway,Household Reference Person ages 16 to 34,Social Rented: Council (LA) or Housing Association/ Registered Social Landlord,1719
Households,Dumfries and Galloway,Household Reference Person ages 16 to 34,Private rented: Total,1794
Households,Dumfries and Galloway,Household Reference Person ages 16 to 34,Private rented: Private landlord or letting agency,1728
Households,Dumfries and Galloway,Household Reference Person ages 16 to 34,Private rented: Other,66
Households,Dumfries and Galloway,Household Reference Person ages 16 to 34,Lives Rent Free,231
Households,Dumfries and Galloway,Household Reference Person is aged 35 to 49,All Household Reference Persons aged 16 and over,8802
Households,Dumfries and Galloway,Household Reference Person is aged 35 to 49,Owned: Total,4904
Households,Dumfries and Galloway,Household Reference Person is aged 35 to 49,Owned: Owned outright,1096
Households,Dumfries and Galloway,Household Reference Person is aged 35 to 49,Owned: Owned with a mortgage or loan,3732
Households,Dumfries and Galloway,Household Reference Person is aged 35 to 49,Owned: Shared ownership (part owned and part rented),25
Households,Dumfries and Galloway,Household Reference Person is aged 35 to 49,Owned: Shared Equity (e.g. LIFT or Help-to-Buy),51
Households,Dumfries and Galloway,Household Reference Person is aged 35 to 49,Social Rented: Council (LA) or Housing Association/ Registered Social Landlord,2047
Households,Dumfries and Galloway,Household Reference Person is aged 35 to 49,Private rented: Total,1654
Households,Dumfries and Galloway,Household Reference Person is aged 35 to 49,Private rented: Private landlord or letting agency,1599
Households,Dumfries and Galloway,Household Reference Person is aged 35 to 49,Private rented: Other,55
Households,Dumfries and Galloway,Household Reference Person is aged 35 to 49,Lives Rent Free,198
Households,Dumfries and Galloway,Household Reference Person is aged 50 to 64,All Household Reference Persons aged 16 and over,14470
Households,Dumfries and Galloway,Household Reference Person is aged 50 to 64,Owned: Total,9939
Households,Dumfries and Galloway,Household Reference Person is aged 50 to 64,Owned: Owned outright,6258
Households,Dumfries and Galloway,Household Reference Person is aged 50 to 64,Owned: Owned with a mortgage or loan,3616
Households,Dumfries and Galloway,Household Reference Person is aged 50 to 64,Owned: Shared ownership (part owned and part rented),46
Households,Dumfries and Galloway,Household Reference Person is aged 50 to 64,Owned: Shared Equity (e.g. LIFT or Help-to-Buy),19
Households,Dumfries and Galloway,Household Reference Person is aged 50 to 64,Social Rented: Council (LA) or Housing Association/ Registered Social Landlord,2648
Households,Dumfries and Galloway,Household Reference Person is aged 50 to 64,Private rented: Total,1623
Households,Dumfries and Galloway,Household Reference Person is aged 50 to 64,Private rented: Private landlord or letting agency,1576
Households,Dumfries and Galloway,Household Reference Person is aged 50 to 64,Private rented: Other,45
Households,Dumfries and Galloway,Household Reference Person is aged 50 to 64,Lives Rent Free,264
Households,Dumfries and Galloway,Household Reference Person is aged 65 and over,All Household Reference Persons aged 16 and over,17247
Households,Dumfries and Galloway,Household Reference Person is aged 65 and over,Owned: Total,13095
Households,Dumfries and Galloway,Household Reference Person is aged 65 and over,Owned: Owned outright,12253
Households,Dumfries and Galloway,Household Reference Person is aged 65 and over,Owned: Owned with a mortgage or loan,741
Households,Dumfries and Galloway,Household Reference Person is aged 65 and over,Owned: Shared ownership (part owned and part rented),56
Households,Dumfries and Galloway,Household Reference Person is aged 65 and over,Owned: Shared Equity (e.g. LIFT or Help-to-Buy),49
Households,Dumfries and Galloway,Household Reference Person is aged 65 and over,Social Rented: Council (LA) or Housing Association/ Registered Social Landlord,2428
Households,Dumfries and Galloway,Household Reference Person is aged 65 and over,Private rented: Total,1284
Households,Dumfries and Galloway,Household Reference Person is aged 65 and over,Private rented: Private landlord or letting agency,1209
Households,Dumfries and Galloway,Household Reference Person is aged 65 and over,Private rented: Other,73
Households,Dumfries and Galloway,Household Reference Person is aged 65 and over,Lives Rent Free,444
Households,"Dumfriesshire, Clydesdale and Tweeddale",All Household Reference Persons aged 16 and over,All Household Reference Persons aged 16 and over,40999
Households,"Dumfriesshire, Clydesdale and Tweeddale",All Household Reference Persons aged 16 and over,Owned: Total,27400
Households,"Dumfriesshire, Clydesdale and Tweeddale",All Household Reference Persons aged 16 and over,Owned: Owned outright,17317
Households,"Dumfriesshire, Clydesdale and Tweeddale",All Household Reference Persons aged 16 and over,Owned: Owned with a mortgage or loan,9873
Households,"Dumfriesshire, Clydesdale and Tweeddale",All Household Reference Persons aged 16 and over,Owned: Shared ownership (part owned and part rented),82
Households,"Dumfriesshire, Clydesdale and Tweeddale",All Household Reference Persons aged 16 and over,Owned: Shared Equity (e.g. LIFT or Help-to-Buy),128
Households,"Dumfriesshire, Clydesdale and Tweeddale",All Household Reference Persons aged 16 and over,Social Rented: Council (LA) or Housing Association/ Registered Social Landlord,7709
Households,"Dumfriesshire, Clydesdale and Tweeddale",All Household Reference Persons aged 16 and over,Private rented: Total,4962
Households,"Dumfriesshire, Clydesdale and Tweeddale",All Household Reference Persons aged 16 and over,Private rented: Private landlord or letting agency,4775
Households,"Dumfriesshire, Clydesdale and Tweeddale",All Household Reference Persons aged 16 and over,Private rented: Other,187
Households,"Dumfriesshire, Clydesdale and Tweeddale",All Household Reference Persons aged 16 and over,Lives Rent Free,929
Households,"Dumfriesshire, Clydesdale and Tweeddale",Household Reference Person ages 16 to 34,All Household Reference Persons aged 16 and over,4521
Households,"Dumfriesshire, Clydesdale and Tweeddale",Household Reference Person ages 16 to 34,Owned: Total,1829
Households,"Dumfriesshire, Clydesdale and Tweeddale",Household Reference Person ages 16 to 34,Owned: Owned outright,371
Households,"Dumfriesshire, Clydesdale and Tweeddale",Household Reference Person ages 16 to 34,Owned: Owned with a mortgage or loan,1416
Households,"Dumfriesshire, Clydesdale and Tweeddale",Household Reference Person ages 16 to 34,Owned: Shared ownership (part owned and part rented),4
Households,"Dumfriesshire, Clydesdale and Tweeddale",Household Reference Person ages 16 to 34,Owned: Shared Equity (e.g. LIFT or Help-to-Buy),38
Households,"Dumfriesshire, Clydesdale and Tweeddale",Household Reference Person ages 16 to 34,Social Rented: Council (LA) or Housing Association/ Registered Social Landlord,1452
Households,"Dumfriesshire, Clydesdale and Tweeddale",Household Reference Person ages 16 to 34,Private rented: Total,1066
Households,"Dumfriesshire, Clydesdale and Tweeddale",Household Reference Person ages 16 to 34,Private rented: Private landlord or letting agency,1036
Households,"Dumfriesshire, Clydesdale and Tweeddale",Household Reference Person ages 16 to 34,Private rented: Other,34
Households,"Dumfriesshire, Clydesdale and Tweeddale",Household Reference Person ages 16 to 34,Lives Rent Free,170
Households,"Dumfriesshire, Clydesdale and Tweeddale",Household Reference Person is aged 35 to 49,All Household Reference Persons aged 16 and over,7877
Households,"Dumfriesshire, Clydesdale and Tweeddale",Household Reference Person is aged 35 to 49,Owned: Total,4795
Households,"Dumfriesshire, Clydesdale and Tweeddale",Household Reference Person is aged 35 to 49,Owned: Owned outright,1071
Households,"Dumfriesshire, Clydesdale and Tweeddale",Household Reference Person is aged 35 to 49,Owned: Owned with a mortgage or loan,3678
Households,"Dumfriesshire, Clydesdale and Tweeddale",Household Reference Person is aged 35 to 49,Owned: Shared ownership (part owned and part rented),9
Households,"Dumfriesshire, Clydesdale and Tweeddale",Household Reference Person is aged 35 to 49,Owned: Shared Equity (e.g. LIFT or Help-to-Buy),36
Households,"Dumfriesshire, Clydesdale and Tweeddale",Household Reference Person is aged 35 to 49,Social Rented: Council (LA) or Housing Association/ Registered Social Landlord,1645
Households,"Dumfriesshire, Clydesdale and Tweeddale",Household Reference Person is aged 35 to 49,Private rented: Total,1273
Households,"Dumfriesshire, Clydesdale and Tweeddale",Household Reference Person is aged 35 to 49,Private rented: Private landlord or letting agency,1224
Households,"Dumfriesshire, Clydesdale and Tweeddale",Household Reference Person is aged 35 to 49,Private rented: Other,48
Households,"Dumfriesshire, Clydesdale and Tweeddale",Household Reference Person is aged 35 to 49,Lives Rent Free,163
Households,"Dumfriesshire, Clydesdale and Tweeddale",Household Reference Person is aged 50 to 64,All Household Reference Persons aged 16 and over,13427
Households,"Dumfriesshire, Clydesdale and Tweeddale",Household Reference Person is aged 50 to 64,Owned: Total,9424
Households,"Dumfriesshire, Clydesdale and Tweeddale",Household Reference Person is aged 50 to 64,Owned: Owned outright,5358
Households,"Dumfriesshire, Clydesdale and Tweeddale",Household Reference Person is aged 50 to 64,Owned: Owned with a mortgage or loan,4022
Households,"Dumfriesshire, Clydesdale and Tweeddale",Household Reference Person is aged 50 to 64,Owned: Shared ownership (part owned and part rented),28
Households,"Dumfriesshire, Clydesdale and Tweeddale",Household Reference Person is aged 50 to 64,Owned: Shared Equity (e.g. LIFT or Help-to-Buy),12
Households,"Dumfriesshire, Clydesdale and Tweeddale",Household Reference Person is aged 50 to 64,Social Rented: Council (LA) or Housing Association/ Registered Social Landlord,2333
Households,"Dumfriesshire, Clydesdale and Tweeddale",Household Reference Person is aged 50 to 64,Private rented: Total,1442
Households,"Dumfriesshire, Clydesdale and Tweeddale",Household Reference Person is aged 50 to 64,Private rented: Private landlord or letting agency,1389
Households,"Dumfriesshire, Clydesdale and Tweeddale",Household Reference Person is aged 50 to 64,Private rented: Other,53
Households,"Dumfriesshire, Clydesdale and Tweeddale",Household Reference Person is aged 50 to 64,Lives Rent Free,228
Households,"Dumfriesshire, Clydesdale and Tweeddale",Household Reference Person is aged 65 and over,All Household Reference Persons aged 16 and over,15176
Households,"Dumfriesshire, Clydesdale and Tweeddale",Household Reference Person is aged 65 and over,Owned: Total,11353
Households,"Dumfriesshire, Clydesdale and Tweeddale",Household Reference Person is aged 65 and over,Owned: Owned outright,10514
Households,"Dumfriesshire, Clydesdale and Tweeddale",Household Reference Person is aged 65 and over,Owned: Owned with a mortgage or loan,757
Households,"Dumfriesshire, Clydesdale and Tweeddale",Household Reference Person is aged 65 and over,Owned: Shared ownership (part owned and part rented),43
Households,"Dumfriesshire, Clydesdale and Tweeddale",Household Reference Person is aged 65 and over,Owned: Shared Equity (e.g. LIFT or Help-to-Buy),38
Households,"Dumfriesshire, Clydesdale and Tweeddale",Household Reference Person is aged 65 and over,Social Rented: Council (LA) or Housing Association/ Registered Social Landlord,2275
Households,"Dumfriesshire, Clydesdale and Tweeddale",Household Reference Person is aged 65 and over,Private rented: Total,1178
Households,"Dumfriesshire, Clydesdale and Tweeddale",Household Reference Person is aged 65 and over,Private rented: Private landlord or letting agency,1126
Households,"Dumfriesshire, Clydesdale and Tweeddale",Household Reference Person is aged 65 and over,Private rented: Other,52
Households,"Dumfriesshire, Clydesdale and Tweeddale",Household Reference Person is aged 65 and over,Lives Rent Free,369
Households,Dundee Central,All Household Reference Persons aged 16 and over,All Household Reference Persons aged 16 and over,50447
Households,Dundee Central,All Household Reference Persons aged 16 and over,Owned: Total,23301
Households,Dundee Central,All Household Reference Persons aged 16 and over,Owned: Owned outright,12298
Households,Dundee Central,All Household Reference Persons aged 16 and over,Owned: Owned with a mortgage or loan,10622
Households,Dundee Central,All Household Reference Persons aged 16 and over,Owned: Shared ownership (part owned and part rented),184
Households,Dundee Central,All Household Reference Persons aged 16 and over,Owned: Shared Equity (e.g. LIFT or Help-to-Buy),201
Households,Dundee Central,All Household Reference Persons aged 16 and over,Social Rented: Council (LA) or Housing Association/ Registered Social Landlord,13969
Households,Dundee Central,All Household Reference Persons aged 16 and over,Private rented: Total,12630
Households,Dundee Central,All Household Reference Persons aged 16 and over,Private rented: Private landlord or letting agency,12365
Households,Dundee Central,All Household Reference Persons aged 16 and over,Private rented: Other,261
Households,Dundee Central,All Household Reference Persons aged 16 and over,Lives Rent Free,544
Households,Dundee Central,Household Reference Person ages 16 to 34,All Household Reference Persons aged 16 and over,13744
Households,Dundee Central,Household Reference Person ages 16 to 34,Owned: Total,3616
Households,Dundee Central,Household Reference Person ages 16 to 34,Owned: Owned outright,751
Households,Dundee Central,Household Reference Person ages 16 to 34,Owned: Owned with a mortgage or loan,2734
Households,Dundee Central,Household Reference Person ages 16 to 34,Owned: Shared ownership (part owned and part rented),60
Households,Dundee Central,Household Reference Person ages 16 to 34,Owned: Shared Equity (e.g. LIFT or Help-to-Buy),72
Households,Dundee Central,Household Reference Person ages 16 to 34,Social Rented: Council (LA) or Housing Association/ Registered Social Landlord,2408
Households,Dundee Central,Household Reference Person ages 16 to 34,Private rented: Total,7580
Households,Dundee Central,Household Reference Person ages 16 to 34,Private rented: Private landlord or letting agency,7489
Households,Dundee Central,Household Reference Person ages 16 to 34,Private rented: Other,95
Households,Dundee Central,Household Reference Person ages 16 to 34,Lives Rent Free,143
Households,Dundee Central,Household Reference Person is aged 35 to 49,All Household Reference Persons aged 16 and over,11306
Households,Dundee Central,Household Reference Person is aged 35 to 49,Owned: Total,5089
Households,Dundee Central,Household Reference Person is aged 35 to 49,Owned: Owned outright,841
Households,Dundee Central,Household Reference Person is aged 35 to 49,Owned: Owned with a mortgage or loan,4132
Households,Dundee Central,Household Reference Person is aged 35 to 49,Owned: Shared ownership (part owned and part rented),31
Households,Dundee Central,Household Reference Person is aged 35 to 49,Owned: Shared Equity (e.g. LIFT or Help-to-Buy),88
Households,Dundee Central,Household Reference Person is aged 35 to 49,Social Rented: Council (LA) or Housing Association/ Registered Social Landlord,3271
Households,Dundee Central,Household Reference Person is aged 35 to 49,Private rented: Total,2865
Households,Dundee Central,Household Reference Person is aged 35 to 49,Private rented: Private landlord or letting agency,2789
Households,Dundee Central,Household Reference Person is aged 35 to 49,Private rented: Other,76
Households,Dundee Central,Household Reference Person is aged 35 to 49,Lives Rent Free,78
Households,Dundee Central,Household Reference Person is aged 50 to 64,All Household Reference Persons aged 16 and over,12963
Households,Dundee Central,Household Reference Person is aged 50 to 64,Owned: Total,7061
Households,Dundee Central,Household Reference Person is aged 50 to 64,Owned: Owned outright,3809
Households,Dundee Central,Household Reference Person is aged 50 to 64,Owned: Owned with a mortgage or loan,3203
Households,Dundee Central,Household Reference Person is aged 50 to 64,Owned: Shared ownership (part owned and part rented),30
Households,Dundee Central,Household Reference Person is aged 50 to 64,Owned: Shared Equity (e.g. LIFT or Help-to-Buy),15
Households,Dundee Central,Household Reference Person is aged 50 to 64,Social Rented: Council (LA) or Housing Association/ Registered Social Landlord,4234
Households,Dundee Central,Household Reference Person is aged 50 to 64,Private rented: Total,1561
Households,Dundee Central,Household Reference Person is aged 50 to 64,Private rented: Private landlord or letting agency,1515
Households,Dundee Central,Household Reference Person is aged 50 to 64,Private rented: Other,46
Households,Dundee Central,Household Reference Person is aged 50 to 64,Lives Rent Free,109
Households,Dundee Central,Household Reference Person is aged 65 and over,All Household Reference Persons aged 16 and over,12434
Households,Dundee Central,Household Reference Person is aged 65 and over,Owned: Total,7531
Households,Dundee Central,Household Reference Person is aged 65 and over,Owned: Owned outright,6897
Households,Dundee Central,Household Reference Person is aged 65 and over,Owned: Owned with a mortgage or loan,553
Households,Dundee Central,Household Reference Person is aged 65 and over,Owned: Shared ownership (part owned and part rented),55
Households,Dundee Central,Household Reference Person is aged 65 and over,Owned: Shared Equity (e.g. LIFT or Help-to-Buy),26
Households,Dundee Central,Household Reference Person is aged 65 and over,Social Rented: Council (LA) or Housing Association/ Registered Social Landlord,4060
Households,Dundee Central,Household Reference Person is aged 65 and over,Private rented: Total,620
Households,Dundee Central,Household Reference Person is aged 65 and over,Private rented: Private landlord or letting agency,576
Households,Dundee Central,Household Reference Person is aged 65 and over,Private rented: Other,48
Households,Dundee Central,Household Reference Person is aged 65 and over,Lives Rent Free,219
Households,Dunfermline and Dollar,All Household Reference Persons aged 16 and over,All Household Reference Persons aged 16 and over,42688
Households,Dunfermline and Dollar,All Household Reference Persons aged 16 and over,Owned: Total,29951
Households,Dunfermline and Dollar,All Household Reference Persons aged 16 and over,Owned: Owned outright,14894
Households,Dunfermline and Dollar,All Household Reference Persons aged 16 and over,Owned: Owned with a mortgage or loan,14646
Households,Dunfermline and Dollar,All Household Reference Persons aged 16 and over,Owned: Shared ownership (part owned and part rented),142
Households,Dunfermline and Dollar,All Household Reference Persons aged 16 and over,Owned: Shared Equity (e.g. LIFT or Help-to-Buy),269
Households,Dunfermline and Dollar,All Household Reference Persons aged 16 and over,Social Rented: Council (LA) or Housing Association/ Registered Social Landlord,7818
Households,Dunfermline and Dollar,All Household Reference Persons aged 16 and over,Private rented: Total,4497
Households,Dunfermline and Dollar,All Household Reference Persons aged 16 and over,Private rented: Private landlord or letting agency,4318
Households,Dunfermline and Dollar,All Household Reference Persons aged 16 and over,Private rented: Other,178
Households,Dunfermline and Dollar,All Household Reference Persons aged 16 and over,Lives Rent Free,422
Households,Dunfermline and Dollar,Household Reference Person ages 16 to 34,All Household Reference Persons aged 16 and over,6335
Households,Dunfermline and Dollar,Household Reference Person ages 16 to 34,Owned: Total,3208
Households,Dunfermline and Dollar,Household Reference Person ages 16 to 34,Owned: Owned outright,257
Households,Dunfermline and Dollar,Household Reference Person ages 16 to 34,Owned: Owned with a mortgage or loan,2816
Households,Dunfermline and Dollar,Household Reference Person ages 16 to 34,Owned: Shared ownership (part owned and part rented),30
Households,Dunfermline and Dollar,Household Reference Person ages 16 to 34,Owned: Shared Equity (e.g. LIFT or Help-to-Buy),111
Households,Dunfermline and Dollar,Household Reference Person ages 16 to 34,Social Rented: Council (LA) or Housing Association/ Registered Social Landlord,1478
Households,Dunfermline and Dollar,Household Reference Person ages 16 to 34,Private rented: Total,1571
Households,Dunfermline and Dollar,Household Reference Person ages 16 to 34,Private rented: Private landlord or letting agency,1522
Households,Dunfermline and Dollar,Household Reference Person ages 16 to 34,Private rented: Other,49
Households,Dunfermline and Dollar,Household Reference Person ages 16 to 34,Lives Rent Free,76
Households,Dunfermline and Dollar,Household Reference Person is aged 35 to 49,All Household Reference Persons aged 16 and over,11090
Households,Dunfermline and Dollar,Household Reference Person is aged 35 to 49,Owned: Total,7327
Households,Dunfermline and Dollar,Household Reference Person is aged 35 to 49,Owned: Owned outright,928
Households,Dunfermline and Dollar,Household Reference Person is aged 35 to 49,Owned: Owned with a mortgage or loan,6282
Households,Dunfermline and Dollar,Household Reference Person is aged 35 to 49,Owned: Shared ownership (part owned and part rented),25
Households,Dunfermline and Dollar,Household Reference Person is aged 35 to 49,Owned: Shared Equity (e.g. LIFT or Help-to-Buy),95
Households,Dunfermline and Dollar,Household Reference Person is aged 35 to 49,Social Rented: Council (LA) or Housing Association/ Registered Social Landlord,2145
Households,Dunfermline and Dollar,Household Reference Person is aged 35 to 49,Private rented: Total,1545
Households,Dunfermline and Dollar,Household Reference Person is aged 35 to 49,Private rented: Private landlord or letting agency,1486
Households,Dunfermline and Dollar,Household Reference Person is aged 35 to 49,Private rented: Other,58
Households,Dunfermline and Dollar,Household Reference Person is aged 35 to 49,Lives Rent Free,73
Households,Dunfermline and Dollar,Household Reference Person is aged 50 to 64,All Household Reference Persons aged 16 and over,13137
Households,Dunfermline and Dollar,Household Reference Person is aged 50 to 64,Owned: Total,9758
Households,Dunfermline and Dollar,Household Reference Person is aged 50 to 64,Owned: Owned outright,4873
Households,Dunfermline and Dollar,Household Reference Person is aged 50 to 64,Owned: Owned with a mortgage or loan,4834
Households,Dunfermline and Dollar,Household Reference Person is aged 50 to 64,Owned: Shared ownership (part owned and part rented),32
Households,Dunfermline and Dollar,Household Reference Person is aged 50 to 64,Owned: Shared Equity (e.g. LIFT or Help-to-Buy),19
Households,Dunfermline and Dollar,Household Reference Person is aged 50 to 64,Social Rented: Council (LA) or Housing Association/ Registered Social Landlord,2412
Households,Dunfermline and Dollar,Household Reference Person is aged 50 to 64,Private rented: Total,886
Households,Dunfermline and Dollar,Household Reference Person is aged 50 to 64,Private rented: Private landlord or letting agency,851
Households,Dunfermline and Dollar,Household Reference Person is aged 50 to 64,Private rented: Other,35
Households,Dunfermline and Dollar,Household Reference Person is aged 50 to 64,Lives Rent Free,82
Households,Dunfermline and Dollar,Household Reference Person is aged 65 and over,All Household Reference Persons aged 16 and over,12131
Households,Dunfermline and Dollar,Household Reference Person is aged 65 and over,Owned: Total,9658
Households,Dunfermline and Dollar,Household Reference Person is aged 65 and over,Owned: Owned outright,8835
Households,Dunfermline and Dollar,Household Reference Person is aged 65 and over,Owned: Owned with a mortgage or loan,714
Households,Dunfermline and Dollar,Household Reference Person is aged 65 and over,Owned: Shared ownership (part owned and part rented),58
Households,Dunfermline and Dollar,Household Reference Person is aged 65 and over,Owned: Shared Equity (e.g. LIFT or Help-to-Buy),47
Households,Dunfermline and Dollar,Household Reference Person is aged 65 and over,Social Rented: Council (LA) or Housing Association/ Registered Social Landlord,1786
Households,Dunfermline and Dollar,Household Reference Person is aged 65 and over,Private rented: Total,495
Households,Dunfermline and Dollar,Household Reference Person is aged 65 and over,Private rented: Private landlord or letting agency,455
Households,Dunfermline and Dollar,Household Reference Person is aged 65 and over,Private rented: Other,36
Households,Dunfermline and Dollar,Household Reference Person is aged 65 and over,Lives Rent Free,191
Households,East Kilbride and Strathaven,All Household Reference Persons aged 16 and over,All Household Reference Persons aged 16 and over,42772
Households,East Kilbride and Strathaven,All Household Reference Persons aged 16 and over,Owned: Total,31414
Households,East Kilbride and Strathaven,All Household Reference Persons aged 16 and over,Owned: Owned outright,15509
Households,East Kilbride and Strathaven,All Household Reference Persons aged 16 and over,Owned: Owned with a mortgage or loan,15681
Households,East Kilbride and Strathaven,All Household Reference Persons aged 16 and over,Owned: Shared ownership (part owned and part rented),33
Households,East Kilbride and Strathaven,All Household Reference Persons aged 16 and over,Owned: Shared Equity (e.g. LIFT or Help-to-Buy),191
Households,East Kilbride and Strathaven,All Household Reference Persons aged 16 and over,Social Rented: Council (LA) or Housing Association/ Registered Social Landlord,6639
Households,East Kilbride and Strathaven,All Household Reference Persons aged 16 and over,Private rented: Total,4279
Households,East Kilbride and Strathaven,All Household Reference Persons aged 16 and over,Private rented: Private landlord or letting agency,4151
Households,East Kilbride and Strathaven,All Household Reference Persons aged 16 and over,Private rented: Other,128
Households,East Kilbride and Strathaven,All Household Reference Persons aged 16 and over,Lives Rent Free,440
Households,East Kilbride and Strathaven,Household Reference Person ages 16 to 34,All Household Reference Persons aged 16 and over,5923
Households,East Kilbride and Strathaven,Household Reference Person ages 16 to 34,Owned: Total,3351
Households,East Kilbride and Strathaven,Household Reference Person ages 16 to 34,Owned: Owned outright,294
Households,East Kilbride and Strathaven,Household Reference Person ages 16 to 34,Owned: Owned with a mortgage or loan,2985
Households,East Kilbride and Strathaven,Household Reference Person ages 16 to 34,Owned: Shared ownership (part owned and part rented),5
Households,East Kilbride and Strathaven,Household Reference Person ages 16 to 34,Owned: Shared Equity (e.g. LIFT or Help-to-Buy),67
Households,East Kilbride and Strathaven,Household Reference Person ages 16 to 34,Social Rented: Council (LA) or Housing Association/ Registered Social Landlord,1034
Households,East Kilbride and Strathaven,Household Reference Person ages 16 to 34,Private rented: Total,1448
Households,East Kilbride and Strathaven,Household Reference Person ages 16 to 34,Private rented: Private landlord or letting agency,1406
Households,East Kilbride and Strathaven,Household Reference Person ages 16 to 34,Private rented: Other,42
Households,East Kilbride and Strathaven,Household Reference Person ages 16 to 34,Lives Rent Free,88
Households,East Kilbride and Strathaven,Household Reference Person is aged 35 to 49,All Household Reference Persons aged 16 and over,9964
Households,East Kilbride and Strathaven,Household Reference Person is aged 35 to 49,Owned: Total,7105
Households,East Kilbride and Strathaven,Household Reference Person is aged 35 to 49,Owned: Owned outright,866
Households,East Kilbride and Strathaven,Household Reference Person is aged 35 to 49,Owned: Owned with a mortgage or loan,6178
Households,East Kilbride and Strathaven,Household Reference Person is aged 35 to 49,Owned: Shared ownership (part owned and part rented),7
Households,East Kilbride and Strathaven,Household Reference Person is aged 35 to 49,Owned: Shared Equity (e.g. LIFT or Help-to-Buy),54
Households,East Kilbride and Strathaven,Household Reference Person is aged 35 to 49,Social Rented: Council (LA) or Housing Association/ Registered Social Landlord,1426
Households,East Kilbride and Strathaven,Household Reference Person is aged 35 to 49,Private rented: Total,1379
Households,East Kilbride and Strathaven,Household Reference Person is aged 35 to 49,Private rented: Private landlord or letting agency,1347
Households,East Kilbride and Strathaven,Household Reference Person is aged 35 to 49,Private rented: Other,32
Households,East Kilbride and Strathaven,Household Reference Person is aged 35 to 49,Lives Rent Free,54
Households,East Kilbride and Strathaven,Household Reference Person is aged 50 to 64,All Household Reference Persons aged 16 and over,14211
Households,East Kilbride and Strathaven,Household Reference Person is aged 50 to 64,Owned: Total,10978
Households,East Kilbride and Strathaven,Household Reference Person is aged 50 to 64,Owned: Owned outright,5360
Households,East Kilbride and Strathaven,Household Reference Person is aged 50 to 64,Owned: Owned with a mortgage or loan,5586
Households,East Kilbride and Strathaven,Household Reference Person is aged 50 to 64,Owned: Shared ownership (part owned and part rented),9
Households,East Kilbride and Strathaven,Household Reference Person is aged 50 to 64,Owned: Shared Equity (e.g. LIFT or Help-to-Buy),21
Households,East Kilbride and Strathaven,Household Reference Person is aged 50 to 64,Social Rented: Council (LA) or Housing Association/ Registered Social Landlord,2134
Households,East Kilbride and Strathaven,Household Reference Person is aged 50 to 64,Private rented: Total,1027
Households,East Kilbride and Strathaven,Household Reference Person is aged 50 to 64,Private rented: Private landlord or letting agency,1009
Households,East Kilbride and Strathaven,Household Reference Person is aged 50 to 64,Private rented: Other,18
Households,East Kilbride and Strathaven,Household Reference Person is aged 50 to 64,Lives Rent Free,72
Households,East Kilbride and Strathaven,Household Reference Person is aged 65 and over,All Household Reference Persons aged 16 and over,12674
Households,East Kilbride and Strathaven,Household Reference Person is aged 65 and over,Owned: Total,9978
Households,East Kilbride and Strathaven,Household Reference Person is aged 65 and over,Owned: Owned outright,8986
Households,East Kilbride and Strathaven,Household Reference Person is aged 65 and over,Owned: Owned with a mortgage or loan,932
Households,East Kilbride and Strathaven,Household Reference Person is aged 65 and over,Owned: Shared ownership (part owned and part rented),11
Households,East Kilbride and Strathaven,Household Reference Person is aged 65 and over,Owned: Shared Equity (e.g. LIFT or Help-to-Buy),47
Households,East Kilbride and Strathaven,Household Reference Person is aged 65 and over,Social Rented: Council (LA) or Housing Association/ Registered Social Landlord,2045
Households,East Kilbride and Strathaven,Household Reference Person is aged 65 and over,Private rented: Total,425
Households,East Kilbride and Strathaven,Household Reference Person is aged 65 and over,Private rented: Private landlord or letting agency,389
Households,East Kilbride and Strathaven,Household Reference Person is aged 65 and over,Private rented: Other,36
Households,East Kilbride and Strathaven,Household Reference Person is aged 65 and over,Lives Rent Free,226
Households,Edinburgh East and Musselburgh,All Household Reference Persons aged 16 and over,All Household Reference Persons aged 16 and over,53226
Households,Edinburgh East and Musselburgh,All Household Reference Persons aged 16 and over,Owned: Total,28607
Households,Edinburgh East and Musselburgh,All Household Reference Persons aged 16 and over,Owned: Owned outright,13591
Households,Edinburgh East and Musselburgh,All Household Reference Persons aged 16 and over,Owned: Owned with a mortgage or loan,14168
Households,Edinburgh East and Musselburgh,All Household Reference Persons aged 16 and over,Owned: Shared ownership (part owned and part rented),290
Households,Edinburgh East and Musselburgh,All Household Reference Persons aged 16 and over,Owned: Shared Equity (e.g. LIFT or Help-to-Buy),558
Households,Edinburgh East and Musselburgh,All Household Reference Persons aged 16 and over,Social Rented: Council (LA) or Housing Association/ Registered Social Landlord,10770
Households,Edinburgh East and Musselburgh,All Household Reference Persons aged 16 and over,Private rented: Total,13276
Households,Edinburgh East and Musselburgh,All Household Reference Persons aged 16 and over,Private rented: Private landlord or letting agency,12959
Households,Edinburgh East and Musselburgh,All Household Reference Persons aged 16 and over,Private rented: Other,317
Households,Edinburgh East and Musselburgh,All Household Reference Persons aged 16 and over,Lives Rent Free,573
Households,Edinburgh East and Musselburgh,Household Reference Person ages 16 to 34,All Household Reference Persons aged 16 and over,15170
Households,Edinburgh East and Musselburgh,Household Reference Person ages 16 to 34,Owned: Total,4610
Households,Edinburgh East and Musselburgh,Household Reference Person ages 16 to 34,Owned: Owned outright,926
Households,Edinburgh East and Musselburgh,Household Reference Person ages 16 to 34,Owned: Owned with a mortgage or loan,3394
Households,Edinburgh East and Musselburgh,Household Reference Person ages 16 to 34,Owned: Shared ownership (part owned and part rented),85
Households,Edinburgh East and Musselburgh,Household Reference Person ages 16 to 34,Owned: Shared Equity (e.g. LIFT or Help-to-Buy),206
Households,Edinburgh East and Musselburgh,Household Reference Person ages 16 to 34,Social Rented: Council (LA) or Housing Association/ Registered Social Landlord,1939
Households,Edinburgh East and Musselburgh,Household Reference Person ages 16 to 34,Private rented: Total,8434
Households,Edinburgh East and Musselburgh,Household Reference Person ages 16 to 34,Private rented: Private landlord or letting agency,8270
Households,Edinburgh East and Musselburgh,Household Reference Person ages 16 to 34,Private rented: Other,164
Households,Edinburgh East and Musselburgh,Household Reference Person ages 16 to 34,Lives Rent Free,189
Households,Edinburgh East and Musselburgh,Household Reference Person is aged 35 to 49,All Household Reference Persons aged 16 and over,13524
Households,Edinburgh East and Musselburgh,Household Reference Person is aged 35 to 49,Owned: Total,7541
Households,Edinburgh East and Musselburgh,Household Reference Person is aged 35 to 49,Owned: Owned outright,1106
Households,Edinburgh East and Musselburgh,Household Reference Person is aged 35 to 49,Owned: Owned with a mortgage or loan,6105
Households,Edinburgh East and Musselburgh,Household Reference Person is aged 35 to 49,Owned: Shared ownership (part owned and part rented),78
Households,Edinburgh East and Musselburgh,Household Reference Person is aged 35 to 49,Owned: Shared Equity (e.g. LIFT or Help-to-Buy),258
Households,Edinburgh East and Musselburgh,Household Reference Person is aged 35 to 49,Social Rented: Council (LA) or Housing Association/ Registered Social Landlord,2771
Households,Edinburgh East and Musselburgh,Household Reference Person is aged 35 to 49,Private rented: Total,3100
Households,Edinburgh East and Musselburgh,Household Reference Person is aged 35 to 49,Private rented: Private landlord or letting agency,3035
Households,Edinburgh East and Musselburgh,Household Reference Person is aged 35 to 49,Private rented: Other,62
Households,Edinburgh East and Musselburgh,Household Reference Person is aged 35 to 49,Lives Rent Free,110
Households,Edinburgh East and Musselburgh,Household Reference Person is aged 50 to 64,All Household Reference Persons aged 16 and over,13137
Households,Edinburgh East and Musselburgh,Household Reference Person is aged 50 to 64,Owned: Total,8393
Households,Edinburgh East and Musselburgh,Household Reference Person is aged 50 to 64,Owned: Owned outright,4193
Households,Edinburgh East and Musselburgh,Household Reference Person is aged 50 to 64,Owned: Owned with a mortgage or loan,4064
Households,Edinburgh East and Musselburgh,Household Reference Person is aged 50 to 64,Owned: Shared ownership (part owned and part rented),75
Households,Edinburgh East and Musselburgh,Household Reference Person is aged 50 to 64,Owned: Shared Equity (e.g. LIFT or Help-to-Buy),61
Households,Edinburgh East and Musselburgh,Household Reference Person is aged 50 to 64,Social Rented: Council (LA) or Housing Association/ Registered Social Landlord,3389
Households,Edinburgh East and Musselburgh,Household Reference Person is aged 50 to 64,Private rented: Total,1253
Households,Edinburgh East and Musselburgh,Household Reference Person is aged 50 to 64,Private rented: Private landlord or letting agency,1207
Households,Edinburgh East and Musselburgh,Household Reference Person is aged 50 to 64,Private rented: Other,43
Households,Edinburgh East and Musselburgh,Household Reference Person is aged 50 to 64,Lives Rent Free,103
Households,Edinburgh East and Musselburgh,Household Reference Person is aged 65 and over,All Household Reference Persons aged 16 and over,11394
Households,Edinburgh East and Musselburgh,Household Reference Person is aged 65 and over,Owned: Total,8061
Households,Edinburgh East and Musselburgh,Household Reference Person is aged 65 and over,Owned: Owned outright,7366
Households,Edinburgh East and Musselburgh,Household Reference Person is aged 65 and over,Owned: Owned with a mortgage or loan,606
Households,Edinburgh East and Musselburgh,Household Reference Person is aged 65 and over,Owned: Shared ownership (part owned and part rented),52
Households,Edinburgh East and Musselburgh,Household Reference Person is aged 65 and over,Owned: Shared Equity (e.g. LIFT or Help-to-Buy),37
Households,Edinburgh East and Musselburgh,Household Reference Person is aged 65 and over,Social Rented: Council (LA) or Housing Association/ Registered Social Landlord,2671
Households,Edinburgh East and Musselburgh,Household Reference Person is aged 65 and over,Private rented: Total,489
Households,Edinburgh East and Musselburgh,Household Reference Person is aged 65 and over,Private rented: Private landlord or letting agency,444
Households,Edinburgh East and Musselburgh,Household Reference Person is aged 65 and over,Private rented: Other,45
Households,Edinburgh East and Musselburgh,Household Reference Person is aged 65 and over,Lives Rent Free,173
Households,Edinburgh North and Leith,All Household Reference Persons aged 16 and over,All Household Reference Persons aged 16 and over,56682
Households,Edinburgh North and Leith,All Household Reference Persons aged 16 and over,Owned: Total,29247
Households,Edinburgh North and Leith,All Household Reference Persons aged 16 and over,Owned: Owned outright,13521
Households,Edinburgh North and Leith,All Household Reference Persons aged 16 and over,Owned: Owned with a mortgage or loan,15001
Households,Edinburgh North and Leith,All Household Reference Persons aged 16 and over,Owned: Shared ownership (part owned and part rented),267
Households,Edinburgh North and Leith,All Household Reference Persons aged 16 and over,Owned: Shared Equity (e.g. LIFT or Help-to-Buy),456
Households,Edinburgh North and Leith,All Household Reference Persons aged 16 and over,Social Rented: Council (LA) or Housing Association/ Registered Social Landlord,10204
Households,Edinburgh North and Leith,All Household Reference Persons aged 16 and over,Private rented: Total,16596
Households,Edinburgh North and Leith,All Household Reference Persons aged 16 and over,Private rented: Private landlord or letting agency,16313
Households,Edinburgh North and Leith,All Household Reference Persons aged 16 and over,Private rented: Other,283
Households,Edinburgh North and Leith,All Household Reference Persons aged 16 and over,Lives Rent Free,635
Households,Edinburgh North and Leith,Household Reference Person ages 16 to 34,All Household Reference Persons aged 16 and over,17085
Households,Edinburgh North and Leith,Household Reference Person ages 16 to 34,Owned: Total,5498
Households,Edinburgh North and Leith,Household Reference Person ages 16 to 34,Owned: Owned outright,1078
Households,Edinburgh North and Leith,Household Reference Person ages 16 to 34,Owned: Owned with a mortgage or loan,4188
Households,Edinburgh North and Leith,Household Reference Person ages 16 to 34,Owned: Shared ownership (part owned and part rented),78
Households,Edinburgh North and Leith,Household Reference Person ages 16 to 34,Owned: Shared Equity (e.g. LIFT or Help-to-Buy),154
Households,Edinburgh North and Leith,Household Reference Person ages 16 to 34,Social Rented: Council (LA) or Housing Association/ Registered Social Landlord,2011
Households,Edinburgh North and Leith,Household Reference Person ages 16 to 34,Private rented: Total,9335
Households,Edinburgh North and Leith,Household Reference Person ages 16 to 34,Private rented: Private landlord or letting agency,9213
Households,Edinburgh North and Leith,Household Reference Person ages 16 to 34,Private rented: Other,122
Households,Edinburgh North and Leith,Household Reference Person ages 16 to 34,Lives Rent Free,241
Households,Edinburgh North and Leith,Household Reference Person is aged 35 to 49,All Household Reference Persons aged 16 and over,16277
Households,Edinburgh North and Leith,Household Reference Person is aged 35 to 49,Owned: Total,8210
Households,Edinburgh North and Leith,Household Reference Person is aged 35 to 49,Owned: Owned outright,1521
Households,Edinburgh North and Leith,Household Reference Person is aged 35 to 49,Owned: Owned with a mortgage or loan,6407
Households,Edinburgh North and Leith,Household Reference Person is aged 35 to 49,Owned: Shared ownership (part owned and part rented),73
Households,Edinburgh North and Leith,Household Reference Person is aged 35 to 49,Owned: Shared Equity (e.g. LIFT or Help-to-Buy),213
Households,Edinburgh North and Leith,Household Reference Person is aged 35 to 49,Social Rented: Council (LA) or Housing Association/ Registered Social Landlord,3122
Households,Edinburgh North and Leith,Household Reference Person is aged 35 to 49,Private rented: Total,4811
Households,Edinburgh North and Leith,Household Reference Person is aged 35 to 49,Private rented: Private landlord or letting agency,4735
Households,Edinburgh North and Leith,Household Reference Person is aged 35 to 49,Private rented: Other,77
Households,Edinburgh North and Leith,Household Reference Person is aged 35 to 49,Lives Rent Free,134
Households,Edinburgh North and Leith,Household Reference Person is aged 50 to 64,All Household Reference Persons aged 16 and over,13255
Households,Edinburgh North and Leith,Household Reference Person is aged 50 to 64,Owned: Total,8271
Households,Edinburgh North and Leith,Household Reference Person is aged 50 to 64,Owned: Owned outright,4337
Households,Edinburgh North and Leith,Household Reference Person is aged 50 to 64,Owned: Owned with a mortgage or loan,3814
Households,Edinburgh North and Leith,Household Reference Person is aged 50 to 64,Owned: Shared ownership (part owned and part rented),58
Households,Edinburgh North and Leith,Household Reference Person is aged 50 to 64,Owned: Shared Equity (e.g. LIFT or Help-to-Buy),62
Households,Edinburgh North and Leith,Household Reference Person is aged 50 to 64,Social Rented: Council (LA) or Housing Association/ Registered Social Landlord,3069
Households,Edinburgh North and Leith,Household Reference Person is aged 50 to 64,Private rented: Total,1793
Households,Edinburgh North and Leith,Household Reference Person is aged 50 to 64,Private rented: Private landlord or letting agency,1754
Households,Edinburgh North and Leith,Household Reference Person is aged 50 to 64,Private rented: Other,39
Households,Edinburgh North and Leith,Household Reference Person is aged 50 to 64,Lives Rent Free,122
Households,Edinburgh North and Leith,Household Reference Person is aged 65 and over,All Household Reference Persons aged 16 and over,10065
Households,Edinburgh North and Leith,Household Reference Person is aged 65 and over,Owned: Total,7268
Households,Edinburgh North and Leith,Household Reference Person is aged 65 and over,Owned: Owned outright,6587
Households,Edinburgh North and Leith,Household Reference Person is aged 65 and over,Owned: Owned with a mortgage or loan,592
Households,Edinburgh North and Leith,Household Reference Person is aged 65 and over,Owned: Shared ownership (part owned and part rented),58
Households,Edinburgh North and Leith,Household Reference Person is aged 65 and over,Owned: Shared Equity (e.g. LIFT or Help-to-Buy),31
Households,Edinburgh North and Leith,Household Reference Person is aged 65 and over,Social Rented: Council (LA) or Housing Association/ Registered Social Landlord,2002
Households,Edinburgh North and Leith,Household Reference Person is aged 65 and over,Private rented: Total,657
Households,Edinburgh North and Leith,Household Reference Person is aged 65 and over,Private rented: Private landlord or letting agency,611
Households,Edinburgh North and Leith,Household Reference Person is aged 65 and over,Private rented: Other,46
Households,Edinburgh North and Leith,Household Reference Person is aged 65 and over,Lives Rent Free,138
Households,Edinburgh South,All Household Reference Persons aged 16 and over,All Household Reference Persons aged 16 and over,42786
Households,Edinburgh South,All Household Reference Persons aged 16 and over,Owned: Total,28794
Households,Edinburgh South,All Household Reference Persons aged 16 and over,Owned: Owned outright,15623
Households,Edinburgh South,All Household Reference Persons aged 16 and over,Owned: Owned with a mortgage or loan,12726
Households,Edinburgh South,All Household Reference Persons aged 16 and over,Owned: Shared ownership (part owned and part rented),162
Households,Edinburgh South,All Household Reference Persons aged 16 and over,Owned: Shared Equity (e.g. LIFT or Help-to-Buy),283
Households,Edinburgh South,All Household Reference Persons aged 16 and over,Social Rented: Council (LA) or Housing Association/ Registered Social Landlord,4889
Households,Edinburgh South,All Household Reference Persons aged 16 and over,Private rented: Total,8601
Households,Edinburgh South,All Household Reference Persons aged 16 and over,Private rented: Private landlord or letting agency,8433
Households,Edinburgh South,All Household Reference Persons aged 16 and over,Private rented: Other,168
Households,Edinburgh South,All Household Reference Persons aged 16 and over,Lives Rent Free,502
Households,Edinburgh South,Household Reference Person ages 16 to 34,All Household Reference Persons aged 16 and over,9548
Households,Edinburgh South,Household Reference Person ages 16 to 34,Owned: Total,3234
Households,Edinburgh South,Household Reference Person ages 16 to 34,Owned: Owned outright,759
Households,Edinburgh South,Household Reference Person ages 16 to 34,Owned: Owned with a mortgage or loan,2306
Households,Edinburgh South,Household Reference Person ages 16 to 34,Owned: Shared ownership (part owned and part rented),76
Households,Edinburgh South,Household Reference Person ages 16 to 34,Owned: Shared Equity (e.g. LIFT or Help-to-Buy),91
Households,Edinburgh South,Household Reference Person ages 16 to 34,Social Rented: Council (LA) or Housing Association/ Registered Social Landlord,810
Households,Edinburgh South,Household Reference Person ages 16 to 34,Private rented: Total,5350
Households,Edinburgh South,Household Reference Person ages 16 to 34,Private rented: Private landlord or letting agency,5269
Households,Edinburgh South,Household Reference Person ages 16 to 34,Private rented: Other,81
Households,Edinburgh South,Household Reference Person ages 16 to 34,Lives Rent Free,158
Households,Edinburgh South,Household Reference Person is aged 35 to 49,All Household Reference Persons aged 16 and over,10371
Households,Edinburgh South,Household Reference Person is aged 35 to 49,Owned: Total,7020
Households,Edinburgh South,Household Reference Person is aged 35 to 49,Owned: Owned outright,1151
Households,Edinburgh South,Household Reference Person is aged 35 to 49,Owned: Owned with a mortgage or loan,5733
Households,Edinburgh South,Household Reference Person is aged 35 to 49,Owned: Shared ownership (part owned and part rented),19
Households,Edinburgh South,Household Reference Person is aged 35 to 49,Owned: Shared Equity (e.g. LIFT or Help-to-Buy),117
Households,Edinburgh South,Household Reference Person is aged 35 to 49,Social Rented: Council (LA) or Housing Association/ Registered Social Landlord,1213
Households,Edinburgh South,Household Reference Person is aged 35 to 49,Private rented: Total,2048
Households,Edinburgh South,Household Reference Person is aged 35 to 49,Private rented: Private landlord or letting agency,2013
Households,Edinburgh South,Household Reference Person is aged 35 to 49,Private rented: Other,35
Households,Edinburgh South,Household Reference Person is aged 35 to 49,Lives Rent Free,90
Households,Edinburgh South,Household Reference Person is aged 50 to 64,All Household Reference Persons aged 16 and over,11144
Households,Edinburgh South,Household Reference Person is aged 50 to 64,Owned: Total,8601
Households,Edinburgh South,Household Reference Person is aged 50 to 64,Owned: Owned outright,4489
Households,Edinburgh South,Household Reference Person is aged 50 to 64,Owned: Owned with a mortgage or loan,4061
Households,Edinburgh South,Household Reference Person is aged 50 to 64,Owned: Shared ownership (part owned and part rented),19
Households,Edinburgh South,Household Reference Person is aged 50 to 64,Owned: Shared Equity (e.g. LIFT or Help-to-Buy),32
Households,Edinburgh South,Household Reference Person is aged 50 to 64,Social Rented: Council (LA) or Housing Association/ Registered Social Landlord,1569
Households,Edinburgh South,Household Reference Person is aged 50 to 64,Private rented: Total,884
Households,Edinburgh South,Household Reference Person is aged 50 to 64,Private rented: Private landlord or letting agency,856
Households,Edinburgh South,Household Reference Person is aged 50 to 64,Private rented: Other,22
Households,Edinburgh South,Household Reference Person is aged 50 to 64,Lives Rent Free,95
Households,Edinburgh South,Household Reference Person is aged 65 and over,All Household Reference Persons aged 16 and over,11723
Households,Edinburgh South,Household Reference Person is aged 65 and over,Owned: Total,9945
Households,Edinburgh South,Household Reference Person is aged 65 and over,Owned: Owned outright,9225
Households,Edinburgh South,Household Reference Person is aged 65 and over,Owned: Owned with a mortgage or loan,629
Households,Edinburgh South,Household Reference Person is aged 65 and over,Owned: Shared ownership (part owned and part rented),48
Households,Edinburgh South,Household Reference Person is aged 65 and over,Owned: Shared Equity (e.g. LIFT or Help-to-Buy),43
Households,Edinburgh South,Household Reference Person is aged 65 and over,Social Rented: Council (LA) or Housing Association/ Registered Social Landlord,1297
Households,Edinburgh South,Household Reference Person is aged 65 and over,Private rented: Total,322
Households,Edinburgh South,Household Reference Person is aged 65 and over,Private rented: Private landlord or letting agency,297
Households,Edinburgh South,Household Reference Person is aged 65 and over,Private rented: Other,27
Households,Edinburgh South,Household Reference Person is aged 65 and over,Lives Rent Free,159
Households,Edinburgh South West,All Household Reference Persons aged 16 and over,All Household Reference Persons aged 16 and over,49160
Households,Edinburgh South West,All Household Reference Persons aged 16 and over,Owned: Total,27607
Households,Edinburgh South West,All Household Reference Persons aged 16 and over,Owned: Owned outright,13985
Households,Edinburgh South West,All Household Reference Persons aged 16 and over,Owned: Owned with a mortgage or loan,12908
Households,Edinburgh South West,All Household Reference Persons aged 16 and over,Owned: Shared ownership (part owned and part rented),262
Households,Edinburgh South West,All Household Reference Persons aged 16 and over,Owned: Shared Equity (e.g. LIFT or Help-to-Buy),452
Households,Edinburgh South West,All Household Reference Persons aged 16 and over,Social Rented: Council (LA) or Housing Association/ Registered Social Landlord,8910
Households,Edinburgh South West,All Household Reference Persons aged 16 and over,Private rented: Total,12087
Households,Edinburgh South West,All Household Reference Persons aged 16 and over,Private rented: Private landlord or letting agency,11623
Households,Edinburgh South West,All Household Reference Persons aged 16 and over,Private rented: Other,464
Households,Edinburgh South West,All Household Reference Persons aged 16 and over,Lives Rent Free,556
Households,Edinburgh South West,Household Reference Person ages 16 to 34,All Household Reference Persons aged 16 and over,13293
Households,Edinburgh South West,Household Reference Person ages 16 to 34,Owned: Total,3999
Households,Edinburgh South West,Household Reference Person ages 16 to 34,Owned: Owned outright,735
Households,Edinburgh South West,Household Reference Person ages 16 to 34,Owned: Owned with a mortgage or loan,3024
Households,Edinburgh South West,Household Reference Person ages 16 to 34,Owned: Shared ownership (part owned and part rented),88
Households,Edinburgh South West,Household Reference Person ages 16 to 34,Owned: Shared Equity (e.g. LIFT or Help-to-Buy),151
Households,Edinburgh South West,Household Reference Person ages 16 to 34,Social Rented: Council (LA) or Housing Association/ Registered Social Landlord,1694
Households,Edinburgh South West,Household Reference Person ages 16 to 34,Private rented: Total,7401
Households,Edinburgh South West,Household Reference Person ages 16 to 34,Private rented: Private landlord or letting agency,7183
Households,Edinburgh South West,Household Reference Person ages 16 to 34,Private rented: Other,219
Households,Edinburgh South West,Household Reference Person ages 16 to 34,Lives Rent Free,199
Households,Edinburgh South West,Household Reference Person is aged 35 to 49,All Household Reference Persons aged 16 and over,12858
Households,Edinburgh South West,Household Reference Person is aged 35 to 49,Owned: Total,6973
Households,Edinburgh South West,Household Reference Person is aged 35 to 49,Owned: Owned outright,1025
Households,Edinburgh South West,Household Reference Person is aged 35 to 49,Owned: Owned with a mortgage or loan,5687
Households,Edinburgh South West,Household Reference Person is aged 35 to 49,Owned: Shared ownership (part owned and part rented),67
Households,Edinburgh South West,Household Reference Person is aged 35 to 49,Owned: Shared Equity (e.g. LIFT or Help-to-Buy),200
Households,Edinburgh South West,Household Reference Person is aged 35 to 49,Social Rented: Council (LA) or Housing Association/ Registered Social Landlord,2574
Households,Edinburgh South West,Household Reference Person is aged 35 to 49,Private rented: Total,3207
Households,Edinburgh South West,Household Reference Person is aged 35 to 49,Private rented: Private landlord or letting agency,3037
Households,Edinburgh South West,Household Reference Person is aged 35 to 49,Private rented: Other,169
Households,Edinburgh South West,Household Reference Person is aged 35 to 49,Lives Rent Free,103
Households,Edinburgh South West,Household Reference Person is aged 50 to 64,All Household Reference Persons aged 16 and over,11809
Households,Edinburgh South West,Household Reference Person is aged 50 to 64,Owned: Total,7910
Households,Edinburgh South West,Household Reference Person is aged 50 to 64,Owned: Owned outright,4189
Households,Edinburgh South West,Household Reference Person is aged 50 to 64,Owned: Owned with a mortgage or loan,3607
Households,Edinburgh South West,Household Reference Person is aged 50 to 64,Owned: Shared ownership (part owned and part rented),66
Households,Edinburgh South West,Household Reference Person is aged 50 to 64,Owned: Shared Equity (e.g. LIFT or Help-to-Buy),47
Households,Edinburgh South West,Household Reference Person is aged 50 to 64,Social Rented: Council (LA) or Housing Association/ Registered Social Landlord,2733
Households,Edinburgh South West,Household Reference Person is aged 50 to 64,Private rented: Total,1048
Households,Edinburgh South West,Household Reference Person is aged 50 to 64,Private rented: Private landlord or letting agency,1000
Households,Edinburgh South West,Household Reference Person is aged 50 to 64,Private rented: Other,48
Households,Edinburgh South West,Household Reference Person is aged 50 to 64,Lives Rent Free,126
Households,Edinburgh South West,Household Reference Person is aged 65 and over,All Household Reference Persons aged 16 and over,11198
Households,Edinburgh South West,Household Reference Person is aged 65 and over,Owned: Total,8727
Households,Edinburgh South West,Household Reference Person is aged 65 and over,Owned: Owned outright,8036
Households,Edinburgh South West,Household Reference Person is aged 65 and over,Owned: Owned with a mortgage or loan,589
Households,Edinburgh South West,Household Reference Person is aged 65 and over,Owned: Shared ownership (part owned and part rented),44
Households,Edinburgh South West,Household Reference Person is aged 65 and over,Owned: Shared Equity (e.g. LIFT or Help-to-Buy),57
Households,Edinburgh South West,Household Reference Person is aged 65 and over,Social Rented: Council (LA) or Housing Association/ Registered Social Landlord,1913
Households,Edinburgh South West,Household Reference Person is aged 65 and over,Private rented: Total,432
Households,Edinburgh South West,Household Reference Person is aged 65 and over,Private rented: Private landlord or letting agency,403
Households,Edinburgh South West,Household Reference Person is aged 65 and over,Private rented: Other,33
Households,Edinburgh South West,Household Reference Person is aged 65 and over,Lives Rent Free,132
Households,Edinburgh West,All Household Reference Persons aged 16 and over,All Household Reference Persons aged 16 and over,44012
Households,Edinburgh West,All Household Reference Persons aged 16 and over,Owned: Total,33985
Households,Edinburgh West,All Household Reference Persons aged 16 and over,Owned: Owned outright,18053
Households,Edinburgh West,All Household Reference Persons aged 16 and over,Owned: Owned with a mortgage or loan,15477
Households,Edinburgh West,All Household Reference Persons aged 16 and over,Owned: Shared ownership (part owned and part rented),85
Households,Edinburgh West,All Household Reference Persons aged 16 and over,Owned: Shared Equity (e.g. LIFT or Help-to-Buy),371
Households,Edinburgh West,All Household Reference Persons aged 16 and over,Social Rented: Council (LA) or Housing Association/ Registered Social Landlord,4117
Households,Edinburgh West,All Household Reference Persons aged 16 and over,Private rented: Total,5466
Households,Edinburgh West,All Household Reference Persons aged 16 and over,Private rented: Private landlord or letting agency,5336
Households,Edinburgh West,All Household Reference Persons aged 16 and over,Private rented: Other,127
Households,Edinburgh West,All Household Reference Persons aged 16 and over,Lives Rent Free,443
Households,Edinburgh West,Household Reference Person ages 16 to 34,All Household Reference Persons aged 16 and over,5732
Households,Edinburgh West,Household Reference Person ages 16 to 34,Owned: Total,2955
Households,Edinburgh West,Household Reference Person ages 16 to 34,Owned: Owned outright,415
Households,Edinburgh West,Household Reference Person ages 16 to 34,Owned: Owned with a mortgage or loan,2431
Households,Edinburgh West,Household Reference Person ages 16 to 34,Owned: Shared ownership (part owned and part rented),25
Households,Edinburgh West,Household Reference Person ages 16 to 34,Owned: Shared Equity (e.g. LIFT or Help-to-Buy),84
Households,Edinburgh West,Household Reference Person ages 16 to 34,Social Rented: Council (LA) or Housing Association/ Registered Social Landlord,556
Households,Edinburgh West,Household Reference Person ages 16 to 34,Private rented: Total,2132
Households,Edinburgh West,Household Reference Person ages 16 to 34,Private rented: Private landlord or letting agency,2090
Households,Edinburgh West,Household Reference Person ages 16 to 34,Private rented: Other,42
Households,Edinburgh West,Household Reference Person ages 16 to 34,Lives Rent Free,89
Households,Edinburgh West,Household Reference Person is aged 35 to 49,All Household Reference Persons aged 16 and over,11374
Households,Edinburgh West,Household Reference Person is aged 35 to 49,Owned: Total,8309
Households,Edinburgh West,Household Reference Person is aged 35 to 49,Owned: Owned outright,1052
Households,Edinburgh West,Household Reference Person is aged 35 to 49,Owned: Owned with a mortgage or loan,7104
Households,Edinburgh West,Household Reference Person is aged 35 to 49,Owned: Shared ownership (part owned and part rented),9
Households,Edinburgh West,Household Reference Person is aged 35 to 49,Owned: Shared Equity (e.g. LIFT or Help-to-Buy),142
Households,Edinburgh West,Household Reference Person is aged 35 to 49,Social Rented: Council (LA) or Housing Association/ Registered Social Landlord,983
Households,Edinburgh West,Household Reference Person is aged 35 to 49,Private rented: Total,1989
Households,Edinburgh West,Household Reference Person is aged 35 to 49,Private rented: Private landlord or letting agency,1954
Households,Edinburgh West,Household Reference Person is aged 35 to 49,Private rented: Other,33
Households,Edinburgh West,Household Reference Person is aged 35 to 49,Lives Rent Free,93
Households,Edinburgh West,Household Reference Person is aged 50 to 64,All Household Reference Persons aged 16 and over,12987
Households,Edinburgh West,Household Reference Person is aged 50 to 64,Owned: Total,10602
Households,Edinburgh West,Household Reference Person is aged 50 to 64,Owned: Owned outright,5438
Households,Edinburgh West,Household Reference Person is aged 50 to 64,Owned: Owned with a mortgage or loan,5098
Households,Edinburgh West,Household Reference Person is aged 50 to 64,Owned: Shared ownership (part owned and part rented),15
Households,Edinburgh West,Household Reference Person is aged 50 to 64,Owned: Shared Equity (e.g. LIFT or Help-to-Buy),51
Households,Edinburgh West,Household Reference Person is aged 50 to 64,Social Rented: Council (LA) or Housing Association/ Registered Social Landlord,1377
Households,Edinburgh West,Household Reference Person is aged 50 to 64,Private rented: Total,906
Households,Edinburgh West,Household Reference Person is aged 50 to 64,Private rented: Private landlord or letting agency,886
Households,Edinburgh West,Household Reference Person is aged 50 to 64,Private rented: Other,20
Households,Edinburgh West,Household Reference Person is aged 50 to 64,Lives Rent Free,102
Households,Edinburgh West,Household Reference Person is aged 65 and over,All Household Reference Persons aged 16 and over,13919
Households,Edinburgh West,Household Reference Person is aged 65 and over,Owned: Total,12116
Households,Edinburgh West,Household Reference Person is aged 65 and over,Owned: Owned outright,11145
Households,Edinburgh West,Household Reference Person is aged 65 and over,Owned: Owned with a mortgage or loan,844
Households,Edinburgh West,Household Reference Person is aged 65 and over,Owned: Shared ownership (part owned and part rented),34
Households,Edinburgh West,Household Reference Person is aged 65 and over,Owned: Shared Equity (e.g. LIFT or Help-to-Buy),94
Households,Edinburgh West,Household Reference Person is aged 65 and over,Social Rented: Council (LA) or Housing Association/ Registered Social Landlord,1201
Households,Edinburgh West,Household Reference Person is aged 65 and over,Private rented: Total,439
Households,Edinburgh West,Household Reference Person is aged 65 and over,Private rented: Private landlord or letting agency,407
Households,Edinburgh West,Household Reference Person is aged 65 and over,Private rented: Other,32
Households,Edinburgh West,Household Reference Person is aged 65 and over,Lives Rent Free,159
Households,Falkirk,All Household Reference Persons aged 16 and over,All Household Reference Persons aged 16 and over,44112
Households,Falkirk,All Household Reference Persons aged 16 and over,Owned: Total,28463
Households,Falkirk,All Household Reference Persons aged 16 and over,Owned: Owned outright,14174
Households,Falkirk,All Household Reference Persons aged 16 and over,Owned: Owned with a mortgage or loan,13987
Households,Falkirk,All Household Reference Persons aged 16 and over,Owned: Shared ownership (part owned and part rented),84
Households,Falkirk,All Household Reference Persons aged 16 and over,Owned: Shared Equity (e.g. LIFT or Help-to-Buy),218
Households,Falkirk,All Household Reference Persons aged 16 and over,Social Rented: Council (LA) or Housing Association/ Registered Social Landlord,11269
Households,Falkirk,All Household Reference Persons aged 16 and over,Private rented: Total,3801
Households,Falkirk,All Household Reference Persons aged 16 and over,Private rented: Private landlord or letting agency,3668
Households,Falkirk,All Household Reference Persons aged 16 and over,Private rented: Other,130
Households,Falkirk,All Household Reference Persons aged 16 and over,Lives Rent Free,582
Households,Falkirk,Household Reference Person ages 16 to 34,All Household Reference Persons aged 16 and over,7028
Households,Falkirk,Household Reference Person ages 16 to 34,Owned: Total,3342
Households,Falkirk,Household Reference Person ages 16 to 34,Owned: Owned outright,288
Households,Falkirk,Household Reference Person ages 16 to 34,Owned: Owned with a mortgage or loan,2947
Households,Falkirk,Household Reference Person ages 16 to 34,Owned: Shared ownership (part owned and part rented),13
Households,Falkirk,Household Reference Person ages 16 to 34,Owned: Shared Equity (e.g. LIFT or Help-to-Buy),95
Households,Falkirk,Household Reference Person ages 16 to 34,Social Rented: Council (LA) or Housing Association/ Registered Social Landlord,2092
Households,Falkirk,Household Reference Person ages 16 to 34,Private rented: Total,1489
Households,Falkirk,Household Reference Person ages 16 to 34,Private rented: Private landlord or letting agency,1457
Households,Falkirk,Household Reference Person ages 16 to 34,Private rented: Other,32
Households,Falkirk,Household Reference Person ages 16 to 34,Lives Rent Free,105
Households,Falkirk,Household Reference Person is aged 35 to 49,All Household Reference Persons aged 16 and over,10816
Households,Falkirk,Household Reference Person is aged 35 to 49,Owned: Total,6840
Households,Falkirk,Household Reference Person is aged 35 to 49,Owned: Owned outright,955
Households,Falkirk,Household Reference Person is aged 35 to 49,Owned: Owned with a mortgage or loan,5789
Households,Falkirk,Household Reference Person is aged 35 to 49,Owned: Shared ownership (part owned and part rented),12
Households,Falkirk,Household Reference Person is aged 35 to 49,Owned: Shared Equity (e.g. LIFT or Help-to-Buy),82
Households,Falkirk,Household Reference Person is aged 35 to 49,Social Rented: Council (LA) or Housing Association/ Registered Social Landlord,2769
Households,Falkirk,Household Reference Person is aged 35 to 49,Private rented: Total,1131
Households,Falkirk,Household Reference Person is aged 35 to 49,Private rented: Private landlord or letting agency,1096
Households,Falkirk,Household Reference Person is aged 35 to 49,Private rented: Other,38
Households,Falkirk,Household Reference Person is aged 35 to 49,Lives Rent Free,73
Households,Falkirk,Household Reference Person is aged 50 to 64,All Household Reference Persons aged 16 and over,13663
Households,Falkirk,Household Reference Person is aged 50 to 64,Owned: Total,9563
Households,Falkirk,Household Reference Person is aged 50 to 64,Owned: Owned outright,4910
Households,Falkirk,Household Reference Person is aged 50 to 64,Owned: Owned with a mortgage or loan,4620
Households,Falkirk,Household Reference Person is aged 50 to 64,Owned: Shared ownership (part owned and part rented),31
Households,Falkirk,Household Reference Person is aged 50 to 64,Owned: Shared Equity (e.g. LIFT or Help-to-Buy),10
Households,Falkirk,Household Reference Person is aged 50 to 64,Social Rented: Council (LA) or Housing Association/ Registered Social Landlord,3209
Households,Falkirk,Household Reference Person is aged 50 to 64,Private rented: Total,782
Households,Falkirk,Household Reference Person is aged 50 to 64,Private rented: Private landlord or letting agency,760
Households,Falkirk,Household Reference Person is aged 50 to 64,Private rented: Other,20
Households,Falkirk,Household Reference Person is aged 50 to 64,Lives Rent Free,109
Households,Falkirk,Household Reference Person is aged 65 and over,All Household Reference Persons aged 16 and over,12605
Households,Falkirk,Household Reference Person is aged 65 and over,Owned: Total,8718
Households,Falkirk,Household Reference Person is aged 65 and over,Owned: Owned outright,8024
Households,Falkirk,Household Reference Person is aged 65 and over,Owned: Owned with a mortgage or loan,635
Households,Falkirk,Household Reference Person is aged 65 and over,Owned: Shared ownership (part owned and part rented),29
Households,Falkirk,Household Reference Person is aged 65 and over,Owned: Shared Equity (e.g. LIFT or Help-to-Buy),32
Households,Falkirk,Household Reference Person is aged 65 and over,Social Rented: Council (LA) or Housing Association/ Registered Social Landlord,3196
Households,Falkirk,Household Reference Person is aged 65 and over,Private rented: Total,396
Households,Falkirk,Household Reference Person is aged 65 and over,Private rented: Private landlord or letting agency,356
Households,Falkirk,Household Reference Person is aged 65 and over,Private rented: Other,40
Households,Falkirk,Household Reference Person is aged 65 and over,Lives Rent Free,295
Households,Glasgow East,All Household Reference Persons aged 16 and over,All Household Reference Persons aged 16 and over,48401
Households,Glasgow East,All Household Reference Persons aged 16 and over,Owned: Total,21577
Households,Glasgow East,All Household Reference Persons aged 16 and over,Owned: Owned outright,9720
Households,Glasgow East,All Household Reference Persons aged 16 and over,Owned: Owned with a mortgage or loan,11241
Households,Glasgow East,All Household Reference Persons aged 16 and over,Owned: Shared ownership (part owned and part rented),255
Households,Glasgow East,All Household Reference Persons aged 16 and over,Owned: Shared Equity (e.g. LIFT or Help-to-Buy),369
Households,Glasgow East,All Household Reference Persons aged 16 and over,Social Rented: Council (LA) or Housing Association/ Registered Social Landlord,18076
Households,Glasgow East,All Household Reference Persons aged 16 and over,Private rented: Total,8009
Households,Glasgow East,All Household Reference Persons aged 16 and over,Private rented: Private landlord or letting agency,7747
Households,Glasgow East,All Household Reference Persons aged 16 and over,Private rented: Other,259
Households,Glasgow East,All Household Reference Persons aged 16 and over,Lives Rent Free,738
Households,Glasgow East,Household Reference Person ages 16 to 34,All Household Reference Persons aged 16 and over,12703
Households,Glasgow East,Household Reference Person ages 16 to 34,Owned: Total,4066
Households,Glasgow East,Household Reference Person ages 16 to 34,Owned: Owned outright,737
Households,Glasgow East,Household Reference Person ages 16 to 34,Owned: Owned with a mortgage or loan,3122
Households,Glasgow East,Household Reference Person ages 16 to 34,Owned: Shared ownership (part owned and part rented),59
Households,Glasgow East,Household Reference Person ages 16 to 34,Owned: Shared Equity (e.g. LIFT or Help-to-Buy),156
Households,Glasgow East,Household Reference Person ages 16 to 34,Social Rented: Council (LA) or Housing Association/ Registered Social Landlord,3701
Households,Glasgow East,Household Reference Person ages 16 to 34,Private rented: Total,4680
Households,Glasgow East,Household Reference Person ages 16 to 34,Private rented: Private landlord or letting agency,4559
Households,Glasgow East,Household Reference Person ages 16 to 34,Private rented: Other,121
Households,Glasgow East,Household Reference Person ages 16 to 34,Lives Rent Free,256
Households,Glasgow East,Household Reference Person is aged 35 to 49,All Household Reference Persons aged 16 and over,12689
Households,Glasgow East,Household Reference Person is aged 35 to 49,Owned: Total,5442
Households,Glasgow East,Household Reference Person is aged 35 to 49,Owned: Owned outright,895
Households,Glasgow East,Household Reference Person is aged 35 to 49,Owned: Owned with a mortgage or loan,4358
Households,Glasgow East,Household Reference Person is aged 35 to 49,Owned: Shared ownership (part owned and part rented),43
Households,Glasgow East,Household Reference Person is aged 35 to 49,Owned: Shared Equity (e.g. LIFT or Help-to-Buy),147
Households,Glasgow East,Household Reference Person is aged 35 to 49,Social Rented: Council (LA) or Housing Association/ Registered Social Landlord,5051
Households,Glasgow East,Household Reference Person is aged 35 to 49,Private rented: Total,2026
Households,Glasgow East,Household Reference Person is aged 35 to 49,Private rented: Private landlord or letting agency,1972
Households,Glasgow East,Household Reference Person is aged 35 to 49,Private rented: Other,54
Households,Glasgow East,Household Reference Person is aged 35 to 49,Lives Rent Free,169
Households,Glasgow East,Household Reference Person is aged 50 to 64,All Household Reference Persons aged 16 and over,13024
Households,Glasgow East,Household Reference Person is aged 50 to 64,Owned: Total,6583
Households,Glasgow East,Household Reference Person is aged 50 to 64,Owned: Owned outright,3272
Households,Glasgow East,Household Reference Person is aged 50 to 64,Owned: Owned with a mortgage or loan,3187
Households,Glasgow East,Household Reference Person is aged 50 to 64,Owned: Shared ownership (part owned and part rented),91
Households,Glasgow East,Household Reference Person is aged 50 to 64,Owned: Shared Equity (e.g. LIFT or Help-to-Buy),33
Households,Glasgow East,Household Reference Person is aged 50 to 64,Social Rented: Council (LA) or Housing Association/ Registered Social Landlord,5383
Households,Glasgow East,Household Reference Person is aged 50 to 64,Private rented: Total,921
Households,Glasgow East,Household Reference Person is aged 50 to 64,Private rented: Private landlord or letting agency,871
Households,Glasgow East,Household Reference Person is aged 50 to 64,Private rented: Other,48
Households,Glasgow East,Household Reference Person is aged 50 to 64,Lives Rent Free,137
Households,Glasgow East,Household Reference Person is aged 65 and over,All Household Reference Persons aged 16 and over,9986
Households,Glasgow East,Household Reference Person is aged 65 and over,Owned: Total,5490
Households,Glasgow East,Household Reference Person is aged 65 and over,Owned: Owned outright,4817
Households,Glasgow East,Household Reference Person is aged 65 and over,Owned: Owned with a mortgage or loan,574
Households,Glasgow East,Household Reference Person is aged 65 and over,Owned: Shared ownership (part owned and part rented),66
Households,Glasgow East,Household Reference Person is aged 65 and over,Owned: Shared Equity (e.g. LIFT or Help-to-Buy),33
Households,Glasgow East,Household Reference Person is aged 65 and over,Social Rented: Council (LA) or Housing Association/ Registered Social Landlord,3941
Households,Glasgow East,Household Reference Person is aged 65 and over,Private rented: Total,379
Households,Glasgow East,Household Reference Person is aged 65 and over,Private rented: Private landlord or letting agency,343
Households,Glasgow East,Household Reference Person is aged 65 and over,Private rented: Other,36
Households,Glasgow East,Household Reference Person is aged 65 and over,Lives Rent Free,172
Households,Glasgow North,All Household Reference Persons aged 16 and over,All Household Reference Persons aged 16 and over,49545
Households,Glasgow North,All Household Reference Persons aged 16 and over,Owned: Total,19356
Households,Glasgow North,All Household Reference Persons aged 16 and over,Owned: Owned outright,9405
Households,Glasgow North,All Household Reference Persons aged 16 and over,Owned: Owned with a mortgage or loan,9565
Households,Glasgow North,All Household Reference Persons aged 16 and over,Owned: Shared ownership (part owned and part rented),198
Households,Glasgow North,All Household Reference Persons aged 16 and over,Owned: Shared Equity (e.g. LIFT or Help-to-Buy),188
Households,Glasgow North,All Household Reference Persons aged 16 and over,Social Rented: Council (LA) or Housing Association/ Registered Social Landlord,17153
Households,Glasgow North,All Household Reference Persons aged 16 and over,Private rented: Total,12167
Households,Glasgow North,All Household Reference Persons aged 16 and over,Private rented: Private landlord or letting agency,11875
Households,Glasgow North,All Household Reference Persons aged 16 and over,Private rented: Other,288
Households,Glasgow North,All Household Reference Persons aged 16 and over,Lives Rent Free,868
Households,Glasgow North,Household Reference Person ages 16 to 34,All Household Reference Persons aged 16 and over,16449
Households,Glasgow North,Household Reference Person ages 16 to 34,Owned: Total,4102
Households,Glasgow North,Household Reference Person ages 16 to 34,Owned: Owned outright,1209
Households,Glasgow North,Household Reference Person ages 16 to 34,Owned: Owned with a mortgage or loan,2733
Households,Glasgow North,Household Reference Person ages 16 to 34,Owned: Shared ownership (part owned and part rented),109
Households,Glasgow North,Household Reference Person ages 16 to 34,Owned: Shared Equity (e.g. LIFT or Help-to-Buy),48
Households,Glasgow North,Household Reference Person ages 16 to 34,Social Rented: Council (LA) or Housing Association/ Registered Social Landlord,3378
Households,Glasgow North,Household Reference Person ages 16 to 34,Private rented: Total,8626
Households,Glasgow North,Household Reference Person ages 16 to 34,Private rented: Private landlord or letting agency,8473
Households,Glasgow North,Household Reference Person ages 16 to 34,Private rented: Other,149
Households,Glasgow North,Household Reference Person ages 16 to 34,Lives Rent Free,346
Households,Glasgow North,Household Reference Person is aged 35 to 49,All Household Reference Persons aged 16 and over,12100
Households,Glasgow North,Household Reference Person is aged 35 to 49,Owned: Total,4833
Households,Glasgow North,Household Reference Person is aged 35 to 49,Owned: Owned outright,1075
Households,Glasgow North,Household Reference Person is aged 35 to 49,Owned: Owned with a mortgage or loan,3662
Households,Glasgow North,Household Reference Person is aged 35 to 49,Owned: Shared ownership (part owned and part rented),23
Households,Glasgow North,Household Reference Person is aged 35 to 49,Owned: Shared Equity (e.g. LIFT or Help-to-Buy),69
Households,Glasgow North,Household Reference Person is aged 35 to 49,Social Rented: Council (LA) or Housing Association/ Registered Social Landlord,4735
Households,Glasgow North,Household Reference Person is aged 35 to 49,Private rented: Total,2344
Households,Glasgow North,Household Reference Person is aged 35 to 49,Private rented: Private landlord or letting agency,2265
Households,Glasgow North,Household Reference Person is aged 35 to 49,Private rented: Other,71
Households,Glasgow North,Household Reference Person is aged 35 to 49,Lives Rent Free,192
Households,Glasgow North,Household Reference Person is aged 50 to 64,All Household Reference Persons aged 16 and over,11922
Households,Glasgow North,Household Reference Person is aged 50 to 64,Owned: Total,5653
Households,Glasgow North,Household Reference Person is aged 50 to 64,Owned: Owned outright,2889
Households,Glasgow North,Household Reference Person is aged 50 to 64,Owned: Owned with a mortgage or loan,2677
Households,Glasgow North,Household Reference Person is aged 50 to 64,Owned: Shared ownership (part owned and part rented),40
Households,Glasgow North,Household Reference Person is aged 50 to 64,Owned: Shared Equity (e.g. LIFT or Help-to-Buy),47
Households,Glasgow North,Household Reference Person is aged 50 to 64,Social Rented: Council (LA) or Housing Association/ Registered Social Landlord,5283
Households,Glasgow North,Household Reference Person is aged 50 to 64,Private rented: Total,854
Households,Glasgow North,Household Reference Person is aged 50 to 64,Private rented: Private landlord or letting agency,817
Households,Glasgow North,Household Reference Person is aged 50 to 64,Private rented: Other,37
Households,Glasgow North,Household Reference Person is aged 50 to 64,Lives Rent Free,132
Households,Glasgow North,Household Reference Person is aged 65 and over,All Household Reference Persons aged 16 and over,9075
Households,Glasgow North,Household Reference Person is aged 65 and over,Owned: Total,4768
Households,Glasgow North,Household Reference Person is aged 65 and over,Owned: Owned outright,4228
Households,Glasgow North,Household Reference Person is aged 65 and over,Owned: Owned with a mortgage or loan,493
Households,Glasgow North,Household Reference Person is aged 65 and over,Owned: Shared ownership (part owned and part rented),23
Households,Glasgow North,Household Reference Person is aged 65 and over,Owned: Shared Equity (e.g. LIFT or Help-to-Buy),24
Households,Glasgow North,Household Reference Person is aged 65 and over,Social Rented: Council (LA) or Housing Association/ Registered Social Landlord,3757
Households,Glasgow North,Household Reference Person is aged 65 and over,Private rented: Total,351
Households,Glasgow North,Household Reference Person is aged 65 and over,Private rented: Private landlord or letting agency,320
Households,Glasgow North,Household Reference Person is aged 65 and over,Private rented: Other,31
Households,Glasgow North,Household Reference Person is aged 65 and over,Lives Rent Free,199
Households,Glasgow North East,All Household Reference Persons aged 16 and over,All Household Reference Persons aged 16 and over,50214
Households,Glasgow North East,All Household Reference Persons aged 16 and over,Owned: Total,19707
Households,Glasgow North East,All Household Reference Persons aged 16 and over,Owned: Owned outright,8819
Households,Glasgow North East,All Household Reference Persons aged 16 and over,Owned: Owned with a mortgage or loan,10412
Households,Glasgow North East,All Household Reference Persons aged 16 and over,Owned: Shared ownership (part owned and part rented),134
Households,Glasgow North East,All Household Reference Persons aged 16 and over,Owned: Shared Equity (e.g. LIFT or Help-to-Buy),342
Households,Glasgow North East,All Household Reference Persons aged 16 and over,Social Rented: Council (LA) or Housing Association/ Registered Social Landlord,23319
Households,Glasgow North East,All Household Reference Persons aged 16 and over,Private rented: Total,6308
Households,Glasgow North East,All Household Reference Persons aged 16 and over,Private rented: Private landlord or letting agency,6108
Households,Glasgow North East,All Household Reference Persons aged 16 and over,Private rented: Other,203
Households,Glasgow North East,All Household Reference Persons aged 16 and over,Lives Rent Free,877
Households,Glasgow North East,Household Reference Person ages 16 to 34,All Household Reference Persons aged 16 and over,11646
Households,Glasgow North East,Household Reference Person ages 16 to 34,Owned: Total,3530
Households,Glasgow North East,Household Reference Person ages 16 to 34,Owned: Owned outright,572
Households,Glasgow North East,Household Reference Person ages 16 to 34,Owned: Owned with a mortgage or loan,2796
Households,Glasgow North East,Household Reference Person ages 16 to 34,Owned: Shared ownership (part owned and part rented),35
Households,Glasgow North East,Household Reference Person ages 16 to 34,Owned: Shared Equity (e.g. LIFT or Help-to-Buy),127
Households,Glasgow North East,Household Reference Person ages 16 to 34,Social Rented: Council (LA) or Housing Association/ Registered Social Landlord,4349
Households,Glasgow North East,Household Reference Person ages 16 to 34,Private rented: Total,3524
Households,Glasgow North East,Household Reference Person ages 16 to 34,Private rented: Private landlord or letting agency,3460
Households,Glasgow North East,Household Reference Person ages 16 to 34,Private rented: Other,64
Households,Glasgow North East,Household Reference Person ages 16 to 34,Lives Rent Free,243
Households,Glasgow North East,Household Reference Person is aged 35 to 49,All Household Reference Persons aged 16 and over,12836
Households,Glasgow North East,Household Reference Person is aged 35 to 49,Owned: Total,4845
Households,Glasgow North East,Household Reference Person is aged 35 to 49,Owned: Owned outright,831
Households,Glasgow North East,Household Reference Person is aged 35 to 49,Owned: Owned with a mortgage or loan,3859
Households,Glasgow North East,Household Reference Person is aged 35 to 49,Owned: Shared ownership (part owned and part rented),23
Households,Glasgow North East,Household Reference Person is aged 35 to 49,Owned: Shared Equity (e.g. LIFT or Help-to-Buy),132
Households,Glasgow North East,Household Reference Person is aged 35 to 49,Social Rented: Council (LA) or Housing Association/ Registered Social Landlord,6165
Households,Glasgow North East,Household Reference Person is aged 35 to 49,Private rented: Total,1573
Households,Glasgow North East,Household Reference Person is aged 35 to 49,Private rented: Private landlord or letting agency,1522
Households,Glasgow North East,Household Reference Person is aged 35 to 49,Private rented: Other,53
Households,Glasgow North East,Household Reference Person is aged 35 to 49,Lives Rent Free,253
Households,Glasgow North East,Household Reference Person is aged 50 to 64,All Household Reference Persons aged 16 and over,14853
Households,Glasgow North East,Household Reference Person is aged 50 to 64,Owned: Total,6362
Households,Glasgow North East,Household Reference Person is aged 50 to 64,Owned: Owned outright,3046
Households,Glasgow North East,Household Reference Person is aged 50 to 64,Owned: Owned with a mortgage or loan,3221
Households,Glasgow North East,Household Reference Person is aged 50 to 64,Owned: Shared ownership (part owned and part rented),49
Households,Glasgow North East,Household Reference Person is aged 50 to 64,Owned: Shared Equity (e.g. LIFT or Help-to-Buy),50
Households,Glasgow North East,Household Reference Person is aged 50 to 64,Social Rented: Council (LA) or Housing Association/ Registered Social Landlord,7477
Households,Glasgow North East,Household Reference Person is aged 50 to 64,Private rented: Total,847
Households,Glasgow North East,Household Reference Person is aged 50 to 64,Private rented: Private landlord or letting agency,807
Households,Glasgow North East,Household Reference Person is aged 50 to 64,Private rented: Other,40
Households,Glasgow North East,Household Reference Person is aged 50 to 64,Lives Rent Free,167
Households,Glasgow North East,Household Reference Person is aged 65 and over,All Household Reference Persons aged 16 and over,10879
Households,Glasgow North East,Household Reference Person is aged 65 and over,Owned: Total,4970
Households,Glasgow North East,Household Reference Person is aged 65 and over,Owned: Owned outright,4372
Households,Glasgow North East,Household Reference Person is aged 65 and over,Owned: Owned with a mortgage or loan,536
Households,Glasgow North East,Household Reference Person is aged 65 and over,Owned: Shared ownership (part owned and part rented),35
Households,Glasgow North East,Household Reference Person is aged 65 and over,Owned: Shared Equity (e.g. LIFT or Help-to-Buy),31
Households,Glasgow North East,Household Reference Person is aged 65 and over,Social Rented: Council (LA) or Housing Association/ Registered Social Landlord,5328
Households,Glasgow North East,Household Reference Person is aged 65 and over,Private rented: Total,370
Households,Glasgow North East,Household Reference Person is aged 65 and over,Private rented: Private landlord or letting agency,319
Households,Glasgow North East,Household Reference Person is aged 65 and over,Private rented: Other,44
Households,Glasgow North East,Household Reference Person is aged 65 and over,Lives Rent Free,214
Households,Glasgow South,All Household Reference Persons aged 16 and over,All Household Reference Persons aged 16 and over,45435
Households,Glasgow South,All Household Reference Persons aged 16 and over,Owned: Total,26044
Households,Glasgow South,All Household Reference Persons aged 16 and over,Owned: Owned outright,11536
Households,Glasgow South,All Household Reference Persons aged 16 and over,Owned: Owned with a mortgage or loan,14198
Households,Glasgow South,All Household Reference Persons aged 16 and over,Owned: Shared ownership (part owned and part rented),93
Households,Glasgow South,All Household Reference Persons aged 16 and over,Owned: Shared Equity (e.g. LIFT or Help-to-Buy),217
Households,Glasgow South,All Household Reference Persons aged 16 and over,Social Rented: Council (LA) or Housing Association/ Registered Social Landlord,11288
Households,Glasgow South,All Household Reference Persons aged 16 and over,Private rented: Total,7529
Households,Glasgow South,All Household Reference Persons aged 16 and over,Private rented: Private landlord or letting agency,7337
Households,Glasgow South,All Household Reference Persons aged 16 and over,Private rented: Other,189
Households,Glasgow South,All Household Reference Persons aged 16 and over,Lives Rent Free,574
Households,Glasgow South,Household Reference Person ages 16 to 34,All Household Reference Persons aged 16 and over,11136
Households,Glasgow South,Household Reference Person ages 16 to 34,Owned: Total,5105
Households,Glasgow South,Household Reference Person ages 16 to 34,Owned: Owned outright,679
Households,Glasgow South,Household Reference Person ages 16 to 34,Owned: Owned with a mortgage or loan,4298
Households,Glasgow South,Household Reference Person ages 16 to 34,Owned: Shared ownership (part owned and part rented),17
Households,Glasgow South,Household Reference Person ages 16 to 34,Owned: Shared Equity (e.g. LIFT or Help-to-Buy),111
Households,Glasgow South,Household Reference Person ages 16 to 34,Social Rented: Council (LA) or Housing Association/ Registered Social Landlord,2047
Households,Glasgow South,Household Reference Person ages 16 to 34,Private rented: Total,3818
Households,Glasgow South,Household Reference Person ages 16 to 34,Private rented: Private landlord or letting agency,3749
Households,Glasgow South,Household Reference Person ages 16 to 34,Private rented: Other,73
Households,Glasgow South,Household Reference Person ages 16 to 34,Lives Rent Free,162
Households,Glasgow South,Household Reference Person is aged 35 to 49,All Household Reference Persons aged 16 and over,12036
Households,Glasgow South,Household Reference Person is aged 35 to 49,Owned: Total,6793
Households,Glasgow South,Household Reference Person is aged 35 to 49,Owned: Owned outright,997
Households,Glasgow South,Household Reference Person is aged 35 to 49,Owned: Owned with a mortgage or loan,5719
Households,Glasgow South,Household Reference Person is aged 35 to 49,Owned: Shared ownership (part owned and part rented),23
Households,Glasgow South,Household Reference Person is aged 35 to 49,Owned: Shared Equity (e.g. LIFT or Help-to-Buy),54
Households,Glasgow South,Household Reference Person is aged 35 to 49,Social Rented: Council (LA) or Housing Association/ Registered Social Landlord,2954
Households,Glasgow South,Household Reference Person is aged 35 to 49,Private rented: Total,2135
Households,Glasgow South,Household Reference Person is aged 35 to 49,Private rented: Private landlord or letting agency,2089
Households,Glasgow South,Household Reference Person is aged 35 to 49,Private rented: Other,44
Households,Glasgow South,Household Reference Person is aged 35 to 49,Lives Rent Free,157
Households,Glasgow South,Household Reference Person is aged 50 to 64,All Household Reference Persons aged 16 and over,11983
Households,Glasgow South,Household Reference Person is aged 50 to 64,Owned: Total,7340
Households,Glasgow South,Household Reference Person is aged 50 to 64,Owned: Owned outright,3769
Households,Glasgow South,Household Reference Person is aged 50 to 64,Owned: Owned with a mortgage or loan,3532
Households,Glasgow South,Household Reference Person is aged 50 to 64,Owned: Shared ownership (part owned and part rented),20
Households,Glasgow South,Household Reference Person is aged 50 to 64,Owned: Shared Equity (e.g. LIFT or Help-to-Buy),19
Households,Glasgow South,Household Reference Person is aged 50 to 64,Social Rented: Council (LA) or Housing Association/ Registered Social Landlord,3437
Households,Glasgow South,Household Reference Person is aged 50 to 64,Private rented: Total,1093
Households,Glasgow South,Household Reference Person is aged 50 to 64,Private rented: Private landlord or letting agency,1054
Households,Glasgow South,Household Reference Person is aged 50 to 64,Private rented: Other,38
Households,Glasgow South,Household Reference Person is aged 50 to 64,Lives Rent Free,111
Households,Glasgow South,Household Reference Person is aged 65 and over,All Household Reference Persons aged 16 and over,10280
Households,Glasgow South,Household Reference Person is aged 65 and over,Owned: Total,6803
Households,Glasgow South,Household Reference Person is aged 65 and over,Owned: Owned outright,6091
Households,Glasgow South,Household Reference Person is aged 65 and over,Owned: Owned with a mortgage or loan,652
Households,Glasgow South,Household Reference Person is aged 65 and over,Owned: Shared ownership (part owned and part rented),26
Households,Glasgow South,Household Reference Person is aged 65 and over,Owned: Shared Equity (e.g. LIFT or Help-to-Buy),31
Households,Glasgow South,Household Reference Person is aged 65 and over,Social Rented: Council (LA) or Housing Association/ Registered Social Landlord,2851
Households,Glasgow South,Household Reference Person is aged 65 and over,Private rented: Total,479
Households,Glasgow South,Household Reference Person is aged 65 and over,Private rented: Private landlord or letting agency,445
Households,Glasgow South,Household Reference Person is aged 65 and over,Private rented: Other,37
Households,Glasgow South,Household Reference Person is aged 65 and over,Lives Rent Free,144
Households,Glasgow South West,All Household Reference Persons aged 16 and over,All Household Reference Persons aged 16 and over,43156
Households,Glasgow South West,All Household Reference Persons aged 16 and over,Owned: Total,21868
Households,Glasgow South West,All Household Reference Persons aged 16 and over,Owned: Owned outright,10002
Households,Glasgow South West,All Household Reference Persons aged 16 and over,Owned: Owned with a mortgage or loan,11535
Households,Glasgow South West,All Household Reference Persons aged 16 and over,Owned: Shared ownership (part owned and part rented),111
Households,Glasgow South West,All Household Reference Persons aged 16 and over,Owned: Shared Equity (e.g. LIFT or Help-to-Buy),220
Households,Glasgow South West,All Household Reference Persons aged 16 and over,Social Rented: Council (LA) or Housing Association/ Registered Social Landlord,14824
Households,Glasgow South West,All Household Reference Persons aged 16 and over,Private rented: Total,5784
Households,Glasgow South West,All Household Reference Persons aged 16 and over,Private rented: Private landlord or letting agency,5566
Households,Glasgow South West,All Household Reference Persons aged 16 and over,Private rented: Other,218
Households,Glasgow South West,All Household Reference Persons aged 16 and over,Lives Rent Free,677
Households,Glasgow South West,Household Reference Person ages 16 to 34,All Household Reference Persons aged 16 and over,9181
Households,Glasgow South West,Household Reference Person ages 16 to 34,Owned: Total,3108
Households,Glasgow South West,Household Reference Person ages 16 to 34,Owned: Owned outright,556
Households,Glasgow South West,Household Reference Person ages 16 to 34,Owned: Owned with a mortgage or loan,2473
Households,Glasgow South West,Household Reference Person ages 16 to 34,Owned: Shared ownership (part owned and part rented),20
Households,Glasgow South West,Household Reference Person ages 16 to 34,Owned: Shared Equity (e.g. LIFT or Help-to-Buy),60
Households,Glasgow South West,Household Reference Person ages 16 to 34,Social Rented: Council (LA) or Housing Association/ Registered Social Landlord,2898
Households,Glasgow South West,Household Reference Person ages 16 to 34,Private rented: Total,2966
Households,Glasgow South West,Household Reference Person ages 16 to 34,Private rented: Private landlord or letting agency,2883
Households,Glasgow South West,Household Reference Person ages 16 to 34,Private rented: Other,82
Households,Glasgow South West,Household Reference Person ages 16 to 34,Lives Rent Free,207
Households,Glasgow South West,Household Reference Person is aged 35 to 49,All Household Reference Persons aged 16 and over,11576
Households,Glasgow South West,Household Reference Person is aged 35 to 49,Owned: Total,5650
Households,Glasgow South West,Household Reference Person is aged 35 to 49,Owned: Owned outright,960
Households,Glasgow South West,Household Reference Person is aged 35 to 49,Owned: Owned with a mortgage or loan,4568
Households,Glasgow South West,Household Reference Person is aged 35 to 49,Owned: Shared ownership (part owned and part rented),19
Households,Glasgow South West,Household Reference Person is aged 35 to 49,Owned: Shared Equity (e.g. LIFT or Help-to-Buy),103
Households,Glasgow South West,Household Reference Person is aged 35 to 49,Social Rented: Council (LA) or Housing Association/ Registered Social Landlord,4046
Households,Glasgow South West,Household Reference Person is aged 35 to 49,Private rented: Total,1716
Households,Glasgow South West,Household Reference Person is aged 35 to 49,Private rented: Private landlord or letting agency,1661
Households,Glasgow South West,Household Reference Person is aged 35 to 49,Private rented: Other,55
Households,Glasgow South West,Household Reference Person is aged 35 to 49,Lives Rent Free,168
Households,Glasgow South West,Household Reference Person is aged 50 to 64,All Household Reference Persons aged 16 and over,13135
Households,Glasgow South West,Household Reference Person is aged 50 to 64,Owned: Total,7489
Households,Glasgow South West,Household Reference Person is aged 50 to 64,Owned: Owned outright,3614
Households,Glasgow South West,Household Reference Person is aged 50 to 64,Owned: Owned with a mortgage or loan,3804
Households,Glasgow South West,Household Reference Person is aged 50 to 64,Owned: Shared ownership (part owned and part rented),32
Households,Glasgow South West,Household Reference Person is aged 50 to 64,Owned: Shared Equity (e.g. LIFT or Help-to-Buy),39
Households,Glasgow South West,Household Reference Person is aged 50 to 64,Social Rented: Council (LA) or Housing Association/ Registered Social Landlord,4744
Households,Glasgow South West,Household Reference Person is aged 50 to 64,Private rented: Total,782
Households,Glasgow South West,Household Reference Person is aged 50 to 64,Private rented: Private landlord or letting agency,752
Households,Glasgow South West,Household Reference Person is aged 50 to 64,Private rented: Other,30
Households,Glasgow South West,Household Reference Person is aged 50 to 64,Lives Rent Free,122
Households,Glasgow South West,Household Reference Person is aged 65 and over,All Household Reference Persons aged 16 and over,9261
Households,Glasgow South West,Household Reference Person is aged 65 and over,Owned: Total,5621
Households,Glasgow South West,Household Reference Person is aged 65 and over,Owned: Owned outright,4873
Households,Glasgow South West,Household Reference Person is aged 65 and over,Owned: Owned with a mortgage or loan,690
Households,Glasgow South West,Household Reference Person is aged 65 and over,Owned: Shared ownership (part owned and part rented),40
Households,Glasgow South West,Household Reference Person is aged 65 and over,Owned: Shared Equity (e.g. LIFT or Help-to-Buy),18
Households,Glasgow South West,Household Reference Person is aged 65 and over,Social Rented: Council (LA) or Housing Association/ Registered Social Landlord,3140
Households,Glasgow South West,Household Reference Person is aged 65 and over,Private rented: Total,321
Households,Glasgow South West,Household Reference Person is aged 65 and over,Private rented: Private landlord or letting agency,270
Households,Glasgow South West,Household Reference Person is aged 65 and over,Private rented: Other,51
Households,Glasgow South West,Household Reference Person is aged 65 and over,Lives Rent Free,179
Households,Glasgow West,All Household Reference Persons aged 16 and over,All Household Reference Persons aged 16 and over,48826
Households,Glasgow West,All Household Reference Persons aged 16 and over,Owned: Total,23966
Households,Glasgow West,All Household Reference Persons aged 16 and over,Owned: Owned outright,11811
Households,Glasgow West,All Household Reference Persons aged 16 and over,Owned: Owned with a mortgage or loan,11893
Households,Glasgow West,All Household Reference Persons aged 16 and over,Owned: Shared ownership (part owned and part rented),155
Households,Glasgow West,All Household Reference Persons aged 16 and over,Owned: Shared Equity (e.g. LIFT or Help-to-Buy),107
Households,Glasgow West,All Household Reference Persons aged 16 and over,Social Rented: Council (LA) or Housing Association/ Registered Social Landlord,15180
Households,Glasgow West,All Household Reference Persons aged 16 and over,Private rented: Total,9011
Households,Glasgow West,All Household Reference Persons aged 16 and over,Private rented: Private landlord or letting agency,8763
Households,Glasgow West,All Household Reference Persons aged 16 and over,Private rented: Other,248
Households,Glasgow West,All Household Reference Persons aged 16 and over,Lives Rent Free,672
Households,Glasgow West,Household Reference Person ages 16 to 34,All Household Reference Persons aged 16 and over,12391
Households,Glasgow West,Household Reference Person ages 16 to 34,Owned: Total,3857
Households,Glasgow West,Household Reference Person ages 16 to 34,Owned: Owned outright,810
Households,Glasgow West,Household Reference Person ages 16 to 34,Owned: Owned with a mortgage or loan,2946
Households,Glasgow West,Household Reference Person ages 16 to 34,Owned: Shared ownership (part owned and part rented),57
Households,Glasgow West,Household Reference Person ages 16 to 34,Owned: Shared Equity (e.g. LIFT or Help-to-Buy),44
Households,Glasgow West,Household Reference Person ages 16 to 34,Social Rented: Council (LA) or Housing Association/ Registered Social Landlord,2750
Households,Glasgow West,Household Reference Person ages 16 to 34,Private rented: Total,5540
Households,Glasgow West,Household Reference Person ages 16 to 34,Private rented: Private landlord or letting agency,5438
Households,Glasgow West,Household Reference Person ages 16 to 34,Private rented: Other,104
Households,Glasgow West,Household Reference Person ages 16 to 34,Lives Rent Free,248
Households,Glasgow West,Household Reference Person is aged 35 to 49,All Household Reference Persons aged 16 and over,12319
Households,Glasgow West,Household Reference Person is aged 35 to 49,Owned: Total,5772
Households,Glasgow West,Household Reference Person is aged 35 to 49,Owned: Owned outright,1043
Households,Glasgow West,Household Reference Person is aged 35 to 49,Owned: Owned with a mortgage or loan,4670
Households,Glasgow West,Household Reference Person is aged 35 to 49,Owned: Shared ownership (part owned and part rented),29
Households,Glasgow West,Household Reference Person is aged 35 to 49,Owned: Shared Equity (e.g. LIFT or Help-to-Buy),30
Households,Glasgow West,Household Reference Person is aged 35 to 49,Social Rented: Council (LA) or Housing Association/ Registered Social Landlord,4295
Households,Glasgow West,Household Reference Person is aged 35 to 49,Private rented: Total,2105
Households,Glasgow West,Household Reference Person is aged 35 to 49,Private rented: Private landlord or letting agency,2042
Households,Glasgow West,Household Reference Person is aged 35 to 49,Private rented: Other,61
Households,Glasgow West,Household Reference Person is aged 35 to 49,Lives Rent Free,143
Households,Glasgow West,Household Reference Person is aged 50 to 64,All Household Reference Persons aged 16 and over,13332
Households,Glasgow West,Household Reference Person is aged 50 to 64,Owned: Total,7558
Households,Glasgow West,Household Reference Person is aged 50 to 64,Owned: Owned outright,3944
Households,Glasgow West,Household Reference Person is aged 50 to 64,Owned: Owned with a mortgage or loan,3562
Households,Glasgow West,Household Reference Person is aged 50 to 64,Owned: Shared ownership (part owned and part rented),33
Households,Glasgow West,Household Reference Person is aged 50 to 64,Owned: Shared Equity (e.g. LIFT or Help-to-Buy),15
Households,Glasgow West,Household Reference Person is aged 50 to 64,Social Rented: Council (LA) or Housing Association/ Registered Social Landlord,4717
Households,Glasgow West,Household Reference Person is aged 50 to 64,Private rented: Total,951
Households,Glasgow West,Household Reference Person is aged 50 to 64,Private rented: Private landlord or letting agency,909
Households,Glasgow West,Household Reference Person is aged 50 to 64,Private rented: Other,40
Households,Glasgow West,Household Reference Person is aged 50 to 64,Lives Rent Free,106
Households,Glasgow West,Household Reference Person is aged 65 and over,All Household Reference Persons aged 16 and over,10784
Households,Glasgow West,Household Reference Person is aged 65 and over,Owned: Total,6776
Households,Glasgow West,Household Reference Person is aged 65 and over,Owned: Owned outright,6014
Households,Glasgow West,Household Reference Person is aged 65 and over,Owned: Owned with a mortgage or loan,711
Households,Glasgow West,Household Reference Person is aged 65 and over,Owned: Shared ownership (part owned and part rented),36
Households,Glasgow West,Household Reference Person is aged 65 and over,Owned: Shared Equity (e.g. LIFT or Help-to-Buy),18
Households,Glasgow West,Household Reference Person is aged 65 and over,Social Rented: Council (LA) or Housing Association/ Registered Social Landlord,3415
Households,Glasgow West,Household Reference Person is aged 65 and over,Private rented: Total,415
Households,Glasgow West,Household Reference Person is aged 65 and over,Private rented: Private landlord or letting agency,372
Households,Glasgow West,Household Reference Person is aged 65 and over,Private rented: Other,43
Households,Glasgow West,Household Reference Person is aged 65 and over,Lives Rent Free,175
Households,Glenrothes and Mid Fife,All Household Reference Persons aged 16 and over,All Household Reference Persons aged 16 and over,42861
Households,Glenrothes and Mid Fife,All Household Reference Persons aged 16 and over,Owned: Total,25442
Households,Glenrothes and Mid Fife,All Household Reference Persons aged 16 and over,Owned: Owned outright,13854
Households,Glenrothes and Mid Fife,All Household Reference Persons aged 16 and over,Owned: Owned with a mortgage or loan,11395
Households,Glenrothes and Mid Fife,All Household Reference Persons aged 16 and over,Owned: Shared ownership (part owned and part rented),57
Households,Glenrothes and Mid Fife,All Household Reference Persons aged 16 and over,Owned: Shared Equity (e.g. LIFT or Help-to-Buy),139
Households,Glenrothes and Mid Fife,All Household Reference Persons aged 16 and over,Social Rented: Council (LA) or Housing Association/ Registered Social Landlord,12596
Households,Glenrothes and Mid Fife,All Household Reference Persons aged 16 and over,Private rented: Total,4221
Households,Glenrothes and Mid Fife,All Household Reference Persons aged 16 and over,Private rented: Private landlord or letting agency,4072
Households,Glenrothes and Mid Fife,All Household Reference Persons aged 16 and over,Private rented: Other,149
Households,Glenrothes and Mid Fife,All Household Reference Persons aged 16 and over,Lives Rent Free,602
Households,Glenrothes and Mid Fife,Household Reference Person ages 16 to 34,All Household Reference Persons aged 16 and over,6457
Households,Glenrothes and Mid Fife,Household Reference Person ages 16 to 34,Owned: Total,2652
Households,Glenrothes and Mid Fife,Household Reference Person ages 16 to 34,Owned: Owned outright,328
Households,Glenrothes and Mid Fife,Household Reference Person ages 16 to 34,Owned: Owned with a mortgage or loan,2270
Households,Glenrothes and Mid Fife,Household Reference Person ages 16 to 34,Owned: Shared ownership (part owned and part rented),10
Households,Glenrothes and Mid Fife,Household Reference Person ages 16 to 34,Owned: Shared Equity (e.g. LIFT or Help-to-Buy),41
Households,Glenrothes and Mid Fife,Household Reference Person ages 16 to 34,Social Rented: Council (LA) or Housing Association/ Registered Social Landlord,2318
Households,Glenrothes and Mid Fife,Household Reference Person ages 16 to 34,Private rented: Total,1405
Households,Glenrothes and Mid Fife,Household Reference Person ages 16 to 34,Private rented: Private landlord or letting agency,1375
Households,Glenrothes and Mid Fife,Household Reference Person ages 16 to 34,Private rented: Other,30
Households,Glenrothes and Mid Fife,Household Reference Person ages 16 to 34,Lives Rent Free,86
Households,Glenrothes and Mid Fife,Household Reference Person is aged 35 to 49,All Household Reference Persons aged 16 and over,9849
Households,Glenrothes and Mid Fife,Household Reference Person is aged 35 to 49,Owned: Total,5244
Households,Glenrothes and Mid Fife,Household Reference Person is aged 35 to 49,Owned: Owned outright,797
Households,Glenrothes and Mid Fife,Household Reference Person is aged 35 to 49,Owned: Owned with a mortgage or loan,4393
Households,Glenrothes and Mid Fife,Household Reference Person is aged 35 to 49,Owned: Shared ownership (part owned and part rented),8
Households,Glenrothes and Mid Fife,Household Reference Person is aged 35 to 49,Owned: Shared Equity (e.g. LIFT or Help-to-Buy),46
Households,Glenrothes and Mid Fife,Household Reference Person is aged 35 to 49,Social Rented: Council (LA) or Housing Association/ Registered Social Landlord,3236
Households,Glenrothes and Mid Fife,Household Reference Person is aged 35 to 49,Private rented: Total,1291
Households,Glenrothes and Mid Fife,Household Reference Person is aged 35 to 49,Private rented: Private landlord or letting agency,1248
Households,Glenrothes and Mid Fife,Household Reference Person is aged 35 to 49,Private rented: Other,45
Households,Glenrothes and Mid Fife,Household Reference Person is aged 35 to 49,Lives Rent Free,80
Households,Glenrothes and Mid Fife,Household Reference Person is aged 50 to 64,All Household Reference Persons aged 16 and over,13430
Households,Glenrothes and Mid Fife,Household Reference Person is aged 50 to 64,Owned: Total,8616
Households,Glenrothes and Mid Fife,Household Reference Person is aged 50 to 64,Owned: Owned outright,4514
Households,Glenrothes and Mid Fife,Household Reference Person is aged 50 to 64,Owned: Owned with a mortgage or loan,4070
Households,Glenrothes and Mid Fife,Household Reference Person is aged 50 to 64,Owned: Shared ownership (part owned and part rented),17
Households,Glenrothes and Mid Fife,Household Reference Person is aged 50 to 64,Owned: Shared Equity (e.g. LIFT or Help-to-Buy),15
Households,Glenrothes and Mid Fife,Household Reference Person is aged 50 to 64,Social Rented: Council (LA) or Housing Association/ Registered Social Landlord,3704
Households,Glenrothes and Mid Fife,Household Reference Person is aged 50 to 64,Private rented: Total,990
Households,Glenrothes and Mid Fife,Household Reference Person is aged 50 to 64,Private rented: Private landlord or letting agency,953
Households,Glenrothes and Mid Fife,Household Reference Person is aged 50 to 64,Private rented: Other,37
Households,Glenrothes and Mid Fife,Household Reference Person is aged 50 to 64,Lives Rent Free,120
Households,Glenrothes and Mid Fife,Household Reference Person is aged 65 and over,All Household Reference Persons aged 16 and over,13122
Households,Glenrothes and Mid Fife,Household Reference Person is aged 65 and over,Owned: Total,8933
Households,Glenrothes and Mid Fife,Household Reference Person is aged 65 and over,Owned: Owned outright,8215
Households,Glenrothes and Mid Fife,Household Reference Person is aged 65 and over,Owned: Owned with a mortgage or loan,662
Households,Glenrothes and Mid Fife,Household Reference Person is aged 65 and over,Owned: Shared ownership (part owned and part rented),19
Households,Glenrothes and Mid Fife,Household Reference Person is aged 65 and over,Owned: Shared Equity (e.g. LIFT or Help-to-Buy),37
Households,Glenrothes and Mid Fife,Household Reference Person is aged 65 and over,Social Rented: Council (LA) or Housing Association/ Registered Social Landlord,3338
Households,Glenrothes and Mid Fife,Household Reference Person is aged 65 and over,Private rented: Total,535
Households,Glenrothes and Mid Fife,Household Reference Person is aged 65 and over,Private rented: Private landlord or letting agency,496
Households,Glenrothes and Mid Fife,Household Reference Person is aged 65 and over,Private rented: Other,39
Households,Glenrothes and Mid Fife,Household Reference Person is aged 65 and over,Lives Rent Free,316
Households,Gordon and Buchan,All Household Reference Persons aged 16 and over,All Household Reference Persons aged 16 and over,40108
Households,Gordon and Buchan,All Household Reference Persons aged 16 and over,Owned: Total,30676
Households,Gordon and Buchan,All Household Reference Persons aged 16 and over,Owned: Owned outright,16165
Households,Gordon and Buchan,All Household Reference Persons aged 16 and over,Owned: Owned with a mortgage or loan,14112
Households,Gordon and Buchan,All Household Reference Persons aged 16 and over,Owned: Shared ownership (part owned and part rented),80
Households,Gordon and Buchan,All Household Reference Persons aged 16 and over,Owned: Shared Equity (e.g. LIFT or Help-to-Buy),319
Households,Gordon and Buchan,All Household Reference Persons aged 16 and over,Social Rented: Council (LA) or Housing Association/ Registered Social Landlord,5238
Households,Gordon and Buchan,All Household Reference Persons aged 16 and over,Private rented: Total,3613
Households,Gordon and Buchan,All Household Reference Persons aged 16 and over,Private rented: Private landlord or letting agency,3498
Households,Gordon and Buchan,All Household Reference Persons aged 16 and over,Private rented: Other,114
Households,Gordon and Buchan,All Household Reference Persons aged 16 and over,Lives Rent Free,583
Households,Gordon and Buchan,Household Reference Person ages 16 to 34,All Household Reference Persons aged 16 and over,5051
Households,Gordon and Buchan,Household Reference Person ages 16 to 34,Owned: Total,3047
Households,Gordon and Buchan,Household Reference Person ages 16 to 34,Owned: Owned outright,313
Households,Gordon and Buchan,Household Reference Person ages 16 to 34,Owned: Owned with a mortgage or loan,2613
Households,Gordon and Buchan,Household Reference Person ages 16 to 34,Owned: Shared ownership (part owned and part rented),3
Households,Gordon and Buchan,Household Reference Person ages 16 to 34,Owned: Shared Equity (e.g. LIFT or Help-to-Buy),119
Households,Gordon and Buchan,Household Reference Person ages 16 to 34,Social Rented: Council (LA) or Housing Association/ Registered Social Landlord,945
Households,Gordon and Buchan,Household Reference Person ages 16 to 34,Private rented: Total,966
Households,Gordon and Buchan,Household Reference Person ages 16 to 34,Private rented: Private landlord or letting agency,931
Households,Gordon and Buchan,Household Reference Person ages 16 to 34,Private rented: Other,31
Households,Gordon and Buchan,Household Reference Person ages 16 to 34,Lives Rent Free,97
Households,Gordon and Buchan,Household Reference Person is aged 35 to 49,All Household Reference Persons aged 16 and over,10305
Households,Gordon and Buchan,Household Reference Person is aged 35 to 49,Owned: Total,7755
Households,Gordon and Buchan,Household Reference Person is aged 35 to 49,Owned: Owned outright,1131
Households,Gordon and Buchan,Household Reference Person is aged 35 to 49,Owned: Owned with a mortgage or loan,6492
Households,Gordon and Buchan,Household Reference Person is aged 35 to 49,Owned: Shared ownership (part owned and part rented),15
Households,Gordon and Buchan,Household Reference Person is aged 35 to 49,Owned: Shared Equity (e.g. LIFT or Help-to-Buy),117
Households,Gordon and Buchan,Household Reference Person is aged 35 to 49,Social Rented: Council (LA) or Housing Association/ Registered Social Landlord,1227
Households,Gordon and Buchan,Household Reference Person is aged 35 to 49,Private rented: Total,1210
Households,Gordon and Buchan,Household Reference Person is aged 35 to 49,Private rented: Private landlord or letting agency,1180
Households,Gordon and Buchan,Household Reference Person is aged 35 to 49,Private rented: Other,30
Households,Gordon and Buchan,Household Reference Person is aged 35 to 49,Lives Rent Free,113
Households,Gordon and Buchan,Household Reference Person is aged 50 to 64,All Household Reference Persons aged 16 and over,12483
Households,Gordon and Buchan,Household Reference Person is aged 50 to 64,Owned: Total,10110
Households,Gordon and Buchan,Household Reference Person is aged 50 to 64,Owned: Owned outright,5587
Households,Gordon and Buchan,Household Reference Person is aged 50 to 64,Owned: Owned with a mortgage or loan,4456
Households,Gordon and Buchan,Household Reference Person is aged 50 to 64,Owned: Shared ownership (part owned and part rented),24
Households,Gordon and Buchan,Household Reference Person is aged 50 to 64,Owned: Shared Equity (e.g. LIFT or Help-to-Buy),43
Households,Gordon and Buchan,Household Reference Person is aged 50 to 64,Social Rented: Council (LA) or Housing Association/ Registered Social Landlord,1300
Households,Gordon and Buchan,Household Reference Person is aged 50 to 64,Private rented: Total,945
Households,Gordon and Buchan,Household Reference Person is aged 50 to 64,Private rented: Private landlord or letting agency,923
Households,Gordon and Buchan,Household Reference Person is aged 50 to 64,Private rented: Other,25
Households,Gordon and Buchan,Household Reference Person is aged 50 to 64,Lives Rent Free,128
Households,Gordon and Buchan,Household Reference Person is aged 65 and over,All Household Reference Persons aged 16 and over,12269
Households,Gordon and Buchan,Household Reference Person is aged 65 and over,Owned: Total,9764
Households,Gordon and Buchan,Household Reference Person is aged 65 and over,Owned: Owned outright,9133
Households,Gordon and Buchan,Household Reference Person is aged 65 and over,Owned: Owned with a mortgage or loan,553
Households,Gordon and Buchan,Household Reference Person is aged 65 and over,Owned: Shared ownership (part owned and part rented),41
Households,Gordon and Buchan,Household Reference Person is aged 65 and over,Owned: Shared Equity (e.g. LIFT or Help-to-Buy),40
Households,Gordon and Buchan,Household Reference Person is aged 65 and over,Social Rented: Council (LA) or Housing Association/ Registered Social Landlord,1766
Households,Gordon and Buchan,Household Reference Person is aged 65 and over,Private rented: Total,496
Households,Gordon and Buchan,Household Reference Person is aged 65 and over,Private rented: Private landlord or letting agency,464
Households,Gordon and Buchan,Household Reference Person is aged 65 and over,Private rented: Other,28
Households,Gordon and Buchan,Household Reference Person is aged 65 and over,Lives Rent Free,243
Households,Hamilton and Clyde Valley,All Household Reference Persons aged 16 and over,All Household Reference Persons aged 16 and over,44351
Households,Hamilton and Clyde Valley,All Household Reference Persons aged 16 and over,Owned: Total,29781
Households,Hamilton and Clyde Valley,All Household Reference Persons aged 16 and over,Owned: Owned outright,15131
Households,Hamilton and Clyde Valley,All Household Reference Persons aged 16 and over,Owned: Owned with a mortgage or loan,14447
Households,Hamilton and Clyde Valley,All Household Reference Persons aged 16 and over,Owned: Shared ownership (part owned and part rented),39
Households,Hamilton and Clyde Valley,All Household Reference Persons aged 16 and over,Owned: Shared Equity (e.g. LIFT or Help-to-Buy),164
Households,Hamilton and Clyde Valley,All Household Reference Persons aged 16 and over,Social Rented: Council (LA) or Housing Association/ Registered Social Landlord,9449
Households,Hamilton and Clyde Valley,All Household Reference Persons aged 16 and over,Private rented: Total,4577
Households,Hamilton and Clyde Valley,All Household Reference Persons aged 16 and over,Private rented: Private landlord or letting agency,4451
Households,Hamilton and Clyde Valley,All Household Reference Persons aged 16 and over,Private rented: Other,126
Households,Hamilton and Clyde Valley,All Household Reference Persons aged 16 and over,Lives Rent Free,544
Households,Hamilton and Clyde Valley,Household Reference Person ages 16 to 34,All Household Reference Persons aged 16 and over,6490
Households,Hamilton and Clyde Valley,Household Reference Person ages 16 to 34,Owned: Total,3129
Households,Hamilton and Clyde Valley,Household Reference Person ages 16 to 34,Owned: Owned outright,320
Households,Hamilton and Clyde Valley,Household Reference Person ages 16 to 34,Owned: Owned with a mortgage or loan,2741
Households,Hamilton and Clyde Valley,Household Reference Person ages 16 to 34,Owned: Shared ownership (part owned and part rented),7
Households,Hamilton and Clyde Valley,Household Reference Person ages 16 to 34,Owned: Shared Equity (e.g. LIFT or Help-to-Buy),63
Households,Hamilton and Clyde Valley,Household Reference Person ages 16 to 34,Social Rented: Council (LA) or Housing Association/ Registered Social Landlord,1647
Households,Hamilton and Clyde Valley,Household Reference Person ages 16 to 34,Private rented: Total,1624
Households,Hamilton and Clyde Valley,Household Reference Person ages 16 to 34,Private rented: Private landlord or letting agency,1591
Households,Hamilton and Clyde Valley,Household Reference Person ages 16 to 34,Private rented: Other,33
Households,Hamilton and Clyde Valley,Household Reference Person ages 16 to 34,Lives Rent Free,93
Households,Hamilton and Clyde Valley,Household Reference Person is aged 35 to 49,All Household Reference Persons aged 16 and over,10654
Households,Hamilton and Clyde Valley,Household Reference Person is aged 35 to 49,Owned: Total,6867
Households,Hamilton and Clyde Valley,Household Reference Person is aged 35 to 49,Owned: Owned outright,1048
Households,Hamilton and Clyde Valley,Household Reference Person is aged 35 to 49,Owned: Owned with a mortgage or loan,5761
Households,Hamilton and Clyde Valley,Household Reference Person is aged 35 to 49,Owned: Shared ownership (part owned and part rented),6
Households,Hamilton and Clyde Valley,Household Reference Person is aged 35 to 49,Owned: Shared Equity (e.g. LIFT or Help-to-Buy),52
Households,Hamilton and Clyde Valley,Household Reference Person is aged 35 to 49,Social Rented: Council (LA) or Housing Association/ Registered Social Landlord,2300
Households,Hamilton and Clyde Valley,Household Reference Person is aged 35 to 49,Private rented: Total,1411
Households,Hamilton and Clyde Valley,Household Reference Person is aged 35 to 49,Private rented: Private landlord or letting agency,1383
Households,Hamilton and Clyde Valley,Household Reference Person is aged 35 to 49,Private rented: Other,24
Households,Hamilton and Clyde Valley,Household Reference Person is aged 35 to 49,Lives Rent Free,76
Households,Hamilton and Clyde Valley,Household Reference Person is aged 50 to 64,All Household Reference Persons aged 16 and over,13914
Households,Hamilton and Clyde Valley,Household Reference Person is aged 50 to 64,Owned: Total,9962
Households,Hamilton and Clyde Valley,Household Reference Person is aged 50 to 64,Owned: Owned outright,4887
Households,Hamilton and Clyde Valley,Household Reference Person is aged 50 to 64,Owned: Owned with a mortgage or loan,5044
Households,Hamilton and Clyde Valley,Household Reference Person is aged 50 to 64,Owned: Shared ownership (part owned and part rented),12
Households,Hamilton and Clyde Valley,Household Reference Person is aged 50 to 64,Owned: Shared Equity (e.g. LIFT or Help-to-Buy),16
Households,Hamilton and Clyde Valley,Household Reference Person is aged 50 to 64,Social Rented: Council (LA) or Housing Association/ Registered Social Landlord,2877
Households,Hamilton and Clyde Valley,Household Reference Person is aged 50 to 64,Private rented: Total,981
Households,Hamilton and Clyde Valley,Household Reference Person is aged 50 to 64,Private rented: Private landlord or letting agency,961
Households,Hamilton and Clyde Valley,Household Reference Person is aged 50 to 64,Private rented: Other,20
Households,Hamilton and Clyde Valley,Household Reference Person is aged 50 to 64,Lives Rent Free,94
Households,Hamilton and Clyde Valley,Household Reference Person is aged 65 and over,All Household Reference Persons aged 16 and over,13289
Households,Hamilton and Clyde Valley,Household Reference Person is aged 65 and over,Owned: Total,9822
Households,Hamilton and Clyde Valley,Household Reference Person is aged 65 and over,Owned: Owned outright,8875
Households,Hamilton and Clyde Valley,Household Reference Person is aged 65 and over,Owned: Owned with a mortgage or loan,902
Households,Hamilton and Clyde Valley,Household Reference Person is aged 65 and over,Owned: Shared ownership (part owned and part rented),16
Households,Hamilton and Clyde Valley,Household Reference Person is aged 65 and over,Owned: Shared Equity (e.g. LIFT or Help-to-Buy),31
Households,Hamilton and Clyde Valley,Household Reference Person is aged 65 and over,Social Rented: Council (LA) or Housing Association/ Registered Social Landlord,2625
Households,Hamilton and Clyde Valley,Household Reference Person is aged 65 and over,Private rented: Total,561
Households,Hamilton and Clyde Valley,Household Reference Person is aged 65 and over,Private rented: Private landlord or letting agency,516
Households,Hamilton and Clyde Valley,Household Reference Person is aged 65 and over,Private rented: Other,45
Households,Hamilton and Clyde Valley,Household Reference Person is aged 65 and over,Lives Rent Free,281
Households,Inverclyde and Renfrewshire West,All Household Reference Persons aged 16 and over,All Household Reference Persons aged 16 and over,42329
Households,Inverclyde and Renfrewshire West,All Household Reference Persons aged 16 and over,Owned: Total,27908
Households,Inverclyde and Renfrewshire West,All Household Reference Persons aged 16 and over,Owned: Owned outright,15799
Households,Inverclyde and Renfrewshire West,All Household Reference Persons aged 16 and over,Owned: Owned with a mortgage or loan,11875
Households,Inverclyde and Renfrewshire West,All Household Reference Persons aged 16 and over,Owned: Shared ownership (part owned and part rented),124
Households,Inverclyde and Renfrewshire West,All Household Reference Persons aged 16 and over,Owned: Shared Equity (e.g. LIFT or Help-to-Buy),109
Households,Inverclyde and Renfrewshire West,All Household Reference Persons aged 16 and over,Social Rented: Council (LA) or Housing Association/ Registered Social Landlord,9680
Households,Inverclyde and Renfrewshire West,All Household Reference Persons aged 16 and over,Private rented: Total,4342
Households,Inverclyde and Renfrewshire West,All Household Reference Persons aged 16 and over,Private rented: Private landlord or letting agency,4152
Households,Inverclyde and Renfrewshire West,All Household Reference Persons aged 16 and over,Private rented: Other,194
Households,Inverclyde and Renfrewshire West,All Household Reference Persons aged 16 and over,Lives Rent Free,398
Households,Inverclyde and Renfrewshire West,Household Reference Person ages 16 to 34,All Household Reference Persons aged 16 and over,5157
Households,Inverclyde and Renfrewshire West,Household Reference Person ages 16 to 34,Owned: Total,2325
Households,Inverclyde and Renfrewshire West,Household Reference Person ages 16 to 34,Owned: Owned outright,312
Households,Inverclyde and Renfrewshire West,Household Reference Person ages 16 to 34,Owned: Owned with a mortgage or loan,1969
Households,Inverclyde and Renfrewshire West,Household Reference Person ages 16 to 34,Owned: Shared ownership (part owned and part rented),12
Households,Inverclyde and Renfrewshire West,Household Reference Person ages 16 to 34,Owned: Shared Equity (e.g. LIFT or Help-to-Buy),32
Households,Inverclyde and Renfrewshire West,Household Reference Person ages 16 to 34,Social Rented: Council (LA) or Housing Association/ Registered Social Landlord,1506
Households,Inverclyde and Renfrewshire West,Household Reference Person ages 16 to 34,Private rented: Total,1260
Households,Inverclyde and Renfrewshire West,Household Reference Person ages 16 to 34,Private rented: Private landlord or letting agency,1221
Households,Inverclyde and Renfrewshire West,Household Reference Person ages 16 to 34,Private rented: Other,39
Households,Inverclyde and Renfrewshire West,Household Reference Person ages 16 to 34,Lives Rent Free,67
Households,Inverclyde and Renfrewshire West,Household Reference Person is aged 35 to 49,All Household Reference Persons aged 16 and over,9129
Households,Inverclyde and Renfrewshire West,Household Reference Person is aged 35 to 49,Owned: Total,5658
Households,Inverclyde and Renfrewshire West,Household Reference Person is aged 35 to 49,Owned: Owned outright,866
Households,Inverclyde and Renfrewshire West,Household Reference Person is aged 35 to 49,Owned: Owned with a mortgage or loan,4729
Households,Inverclyde and Renfrewshire West,Household Reference Person is aged 35 to 49,Owned: Shared ownership (part owned and part rented),32
Households,Inverclyde and Renfrewshire West,Household Reference Person is aged 35 to 49,Owned: Shared Equity (e.g. LIFT or Help-to-Buy),31
Households,Inverclyde and Renfrewshire West,Household Reference Person is aged 35 to 49,Social Rented: Council (LA) or Housing Association/ Registered Social Landlord,2132
Households,Inverclyde and Renfrewshire West,Household Reference Person is aged 35 to 49,Private rented: Total,1273
Households,Inverclyde and Renfrewshire West,Household Reference Person is aged 35 to 49,Private rented: Private landlord or letting agency,1222
Households,Inverclyde and Renfrewshire West,Household Reference Person is aged 35 to 49,Private rented: Other,49
Households,Inverclyde and Renfrewshire West,Household Reference Person is aged 35 to 49,Lives Rent Free,69
Households,Inverclyde and Renfrewshire West,Household Reference Person is aged 50 to 64,All Household Reference Persons aged 16 and over,14120
Households,Inverclyde and Renfrewshire West,Household Reference Person is aged 50 to 64,Owned: Total,9748
Households,Inverclyde and Renfrewshire West,Household Reference Person is aged 50 to 64,Owned: Owned outright,5354
Households,Inverclyde and Renfrewshire West,Household Reference Person is aged 50 to 64,Owned: Owned with a mortgage or loan,4325
Households,Inverclyde and Renfrewshire West,Household Reference Person is aged 50 to 64,Owned: Shared ownership (part owned and part rented),47
Households,Inverclyde and Renfrewshire West,Household Reference Person is aged 50 to 64,Owned: Shared Equity (e.g. LIFT or Help-to-Buy),23
Households,Inverclyde and Renfrewshire West,Household Reference Person is aged 50 to 64,Social Rented: Council (LA) or Housing Association/ Registered Social Landlord,3198
Households,Inverclyde and Renfrewshire West,Household Reference Person is aged 50 to 64,Private rented: Total,1079
Households,Inverclyde and Renfrewshire West,Household Reference Person is aged 50 to 64,Private rented: Private landlord or letting agency,1036
Households,Inverclyde and Renfrewshire West,Household Reference Person is aged 50 to 64,Private rented: Other,40
Households,Inverclyde and Renfrewshire West,Household Reference Person is aged 50 to 64,Lives Rent Free,93
Households,Inverclyde and Renfrewshire West,Household Reference Person is aged 65 and over,All Household Reference Persons aged 16 and over,13918
Households,Inverclyde and Renfrewshire West,Household Reference Person is aged 65 and over,Owned: Total,10172
Households,Inverclyde and Renfrewshire West,Household Reference Person is aged 65 and over,Owned: Owned outright,9264
Households,Inverclyde and Renfrewshire West,Household Reference Person is aged 65 and over,Owned: Owned with a mortgage or loan,853
Households,Inverclyde and Renfrewshire West,Household Reference Person is aged 65 and over,Owned: Shared ownership (part owned and part rented),33
Households,Inverclyde and Renfrewshire West,Household Reference Person is aged 65 and over,Owned: Shared Equity (e.g. LIFT or Help-to-Buy),23
Households,Inverclyde and Renfrewshire West,Household Reference Person is aged 65 and over,Social Rented: Council (LA) or Housing Association/ Registered Social Landlord,2843
Households,Inverclyde and Renfrewshire West,Household Reference Person is aged 65 and over,Private rented: Total,730
Households,Inverclyde and Renfrewshire West,Household Reference Person is aged 65 and over,Private rented: Private landlord or letting agency,667
Households,Inverclyde and Renfrewshire West,Household Reference Person is aged 65 and over,Private rented: Other,63
Households,Inverclyde and Renfrewshire West,Household Reference Person is aged 65 and over,Lives Rent Free,170
Households,"Inverness, Skye and West Ross-shire",All Household Reference Persons aged 16 and over,All Household Reference Persons aged 16 and over,50093
Households,"Inverness, Skye and West Ross-shire",All Household Reference Persons aged 16 and over,Owned: Total,33298
Households,"Inverness, Skye and West Ross-shire",All Household Reference Persons aged 16 and over,Owned: Owned outright,18799
Households,"Inverness, Skye and West Ross-shire",All Household Reference Persons aged 16 and over,Owned: Owned with a mortgage or loan,13443
Households,"Inverness, Skye and West Ross-shire",All Household Reference Persons aged 16 and over,Owned: Shared ownership (part owned and part rented),195
Households,"Inverness, Skye and West Ross-shire",All Household Reference Persons aged 16 and over,Owned: Shared Equity (e.g. LIFT or Help-to-Buy),861
Households,"Inverness, Skye and West Ross-shire",All Household Reference Persons aged 16 and over,Social Rented: Council (LA) or Housing Association/ Registered Social Landlord,9926
Households,"Inverness, Skye and West Ross-shire",All Household Reference Persons aged 16 and over,Private rented: Total,5971
Households,"Inverness, Skye and West Ross-shire",All Household Reference Persons aged 16 and over,Private rented: Private landlord or letting agency,5617
Households,"Inverness, Skye and West Ross-shire",All Household Reference Persons aged 16 and over,Private rented: Other,354
Households,"Inverness, Skye and West Ross-shire",All Household Reference Persons aged 16 and over,Lives Rent Free,895
Households,"Inverness, Skye and West Ross-shire",Household Reference Person ages 16 to 34,All Household Reference Persons aged 16 and over,7801
Households,"Inverness, Skye and West Ross-shire",Household Reference Person ages 16 to 34,Owned: Total,3325
Households,"Inverness, Skye and West Ross-shire",Household Reference Person ages 16 to 34,Owned: Owned outright,497
Households,"Inverness, Skye and West Ross-shire",Household Reference Person ages 16 to 34,Owned: Owned with a mortgage or loan,2510
Households,"Inverness, Skye and West Ross-shire",Household Reference Person ages 16 to 34,Owned: Shared ownership (part owned and part rented),26
Households,"Inverness, Skye and West Ross-shire",Household Reference Person ages 16 to 34,Owned: Shared Equity (e.g. LIFT or Help-to-Buy),287
Households,"Inverness, Skye and West Ross-shire",Household Reference Person ages 16 to 34,Social Rented: Council (LA) or Housing Association/ Registered Social Landlord,2188
Households,"Inverness, Skye and West Ross-shire",Household Reference Person ages 16 to 34,Private rented: Total,2111
Households,"Inverness, Skye and West Ross-shire",Household Reference Person ages 16 to 34,Private rented: Private landlord or letting agency,2032
Households,"Inverness, Skye and West Ross-shire",Household Reference Person ages 16 to 34,Private rented: Other,79
Households,"Inverness, Skye and West Ross-shire",Household Reference Person ages 16 to 34,Lives Rent Free,178
Households,"Inverness, Skye and West Ross-shire",Household Reference Person is aged 35 to 49,All Household Reference Persons aged 16 and over,11886
Households,"Inverness, Skye and West Ross-shire",Household Reference Person is aged 35 to 49,Owned: Total,7157
Households,"Inverness, Skye and West Ross-shire",Household Reference Person is aged 35 to 49,Owned: Owned outright,1351
Households,"Inverness, Skye and West Ross-shire",Household Reference Person is aged 35 to 49,Owned: Owned with a mortgage or loan,5401
Households,"Inverness, Skye and West Ross-shire",Household Reference Person is aged 35 to 49,Owned: Shared ownership (part owned and part rented),37
Households,"Inverness, Skye and West Ross-shire",Household Reference Person is aged 35 to 49,Owned: Shared Equity (e.g. LIFT or Help-to-Buy),364
Households,"Inverness, Skye and West Ross-shire",Household Reference Person is aged 35 to 49,Social Rented: Council (LA) or Housing Association/ Registered Social Landlord,2680
Households,"Inverness, Skye and West Ross-shire",Household Reference Person is aged 35 to 49,Private rented: Total,1861
Households,"Inverness, Skye and West Ross-shire",Household Reference Person is aged 35 to 49,Private rented: Private landlord or letting agency,1722
Households,"Inverness, Skye and West Ross-shire",Household Reference Person is aged 35 to 49,Private rented: Other,145
Households,"Inverness, Skye and West Ross-shire",Household Reference Person is aged 35 to 49,Lives Rent Free,186
Households,"Inverness, Skye and West Ross-shire",Household Reference Person is aged 50 to 64,All Household Reference Persons aged 16 and over,15367
Households,"Inverness, Skye and West Ross-shire",Household Reference Person is aged 50 to 64,Owned: Total,10932
Households,"Inverness, Skye and West Ross-shire",Household Reference Person is aged 50 to 64,Owned: Owned outright,6062
Households,"Inverness, Skye and West Ross-shire",Household Reference Person is aged 50 to 64,Owned: Owned with a mortgage or loan,4661
Households,"Inverness, Skye and West Ross-shire",Household Reference Person is aged 50 to 64,Owned: Shared ownership (part owned and part rented),84
Households,"Inverness, Skye and West Ross-shire",Household Reference Person is aged 50 to 64,Owned: Shared Equity (e.g. LIFT or Help-to-Buy),129
Households,"Inverness, Skye and West Ross-shire",Household Reference Person is aged 50 to 64,Social Rented: Council (LA) or Housing Association/ Registered Social Landlord,2897
Households,"Inverness, Skye and West Ross-shire",Household Reference Person is aged 50 to 64,Private rented: Total,1332
Households,"Inverness, Skye and West Ross-shire",Household Reference Person is aged 50 to 64,Private rented: Private landlord or letting agency,1254
Households,"Inverness, Skye and West Ross-shire",Household Reference Person is aged 50 to 64,Private rented: Other,78
Households,"Inverness, Skye and West Ross-shire",Household Reference Person is aged 50 to 64,Lives Rent Free,206
Households,"Inverness, Skye and West Ross-shire",Household Reference Person is aged 65 and over,All Household Reference Persons aged 16 and over,15035
Households,"Inverness, Skye and West Ross-shire",Household Reference Person is aged 65 and over,Owned: Total,11885
Households,"Inverness, Skye and West Ross-shire",Household Reference Person is aged 65 and over,Owned: Owned outright,10885
Households,"Inverness, Skye and West Ross-shire",Household Reference Person is aged 65 and over,Owned: Owned with a mortgage or loan,867
Households,"Inverness, Skye and West Ross-shire",Household Reference Person is aged 65 and over,Owned: Shared ownership (part owned and part rented),52
Households,"Inverness, Skye and West Ross-shire",Household Reference Person is aged 65 and over,Owned: Shared Equity (e.g. LIFT or Help-to-Buy),77
Households,"Inverness, Skye and West Ross-shire",Household Reference Person is aged 65 and over,Social Rented: Council (LA) or Housing Association/ Registered Social Landlord,2161
Households,"Inverness, Skye and West Ross-shire",Household Reference Person is aged 65 and over,Private rented: Total,665
Households,"Inverness, Skye and West Ross-shire",Household Reference Person is aged 65 and over,Private rented: Private landlord or letting agency,612
Households,"Inverness, Skye and West Ross-shire",Household Reference Person is aged 65 and over,Private rented: Other,53
Households,"Inverness, Skye and West Ross-shire",Household Reference Person is aged 65 and over,Lives Rent Free,325
Households,Livingston,All Household Reference Persons aged 16 and over,All Household Reference Persons aged 16 and over,44193
Households,Livingston,All Household Reference Persons aged 16 and over,Owned: Total,28907
Households,Livingston,All Household Reference Persons aged 16 and over,Owned: Owned outright,13402
Households,Livingston,All Household Reference Persons aged 16 and over,Owned: Owned with a mortgage or loan,15006
Households,Livingston,All Household Reference Persons aged 16 and over,Owned: Shared ownership (part owned and part rented),49
Households,Livingston,All Household Reference Persons aged 16 and over,Owned: Shared Equity (e.g. LIFT or Help-to-Buy),454
Households,Livingston,All Household Reference Persons aged 16 and over,Social Rented: Council (LA) or Housing Association/ Registered Social Landlord,10637
Households,Livingston,All Household Reference Persons aged 16 and over,Private rented: Total,4185
Households,Livingston,All Household Reference Persons aged 16 and over,Private rented: Private landlord or letting agency,4023
Households,Livingston,All Household Reference Persons aged 16 and over,Private rented: Other,165
Households,Livingston,All Household Reference Persons aged 16 and over,Lives Rent Free,464
Households,Livingston,Household Reference Person ages 16 to 34,All Household Reference Persons aged 16 and over,6701
Households,Livingston,Household Reference Person ages 16 to 34,Owned: Total,3171
Households,Livingston,Household Reference Person ages 16 to 34,Owned: Owned outright,287
Households,Livingston,Household Reference Person ages 16 to 34,Owned: Owned with a mortgage or loan,2737
Households,Livingston,Household Reference Person ages 16 to 34,Owned: Shared ownership (part owned and part rented),4
Households,Livingston,Household Reference Person ages 16 to 34,Owned: Shared Equity (e.g. LIFT or Help-to-Buy),140
Households,Livingston,Household Reference Person ages 16 to 34,Social Rented: Council (LA) or Housing Association/ Registered Social Landlord,2160
Households,Livingston,Household Reference Person ages 16 to 34,Private rented: Total,1324
Households,Livingston,Household Reference Person ages 16 to 34,Private rented: Private landlord or letting agency,1281
Households,Livingston,Household Reference Person ages 16 to 34,Private rented: Other,45
Households,Livingston,Household Reference Person ages 16 to 34,Lives Rent Free,46
Households,Livingston,Household Reference Person is aged 35 to 49,All Household Reference Persons aged 16 and over,11648
Households,Livingston,Household Reference Person is aged 35 to 49,Owned: Total,7298
Households,Livingston,Household Reference Person is aged 35 to 49,Owned: Owned outright,891
Households,Livingston,Household Reference Person is aged 35 to 49,Owned: Owned with a mortgage or loan,6214
Households,Livingston,Household Reference Person is aged 35 to 49,Owned: Shared ownership (part owned and part rented),3
Households,Livingston,Household Reference Person is aged 35 to 49,Owned: Shared Equity (e.g. LIFT or Help-to-Buy),194
Households,Livingston,Household Reference Person is aged 35 to 49,Social Rented: Council (LA) or Housing Association/ Registered Social Landlord,2784
Households,Livingston,Household Reference Person is aged 35 to 49,Private rented: Total,1503
Households,Livingston,Household Reference Person is aged 35 to 49,Private rented: Private landlord or letting agency,1453
Households,Livingston,Household Reference Person is aged 35 to 49,Private rented: Other,46
Households,Livingston,Household Reference Person is aged 35 to 49,Lives Rent Free,64
Households,Livingston,Household Reference Person is aged 50 to 64,All Household Reference Persons aged 16 and over,14419
Households,Livingston,Household Reference Person is aged 50 to 64,Owned: Total,10202
Households,Livingston,Household Reference Person is aged 50 to 64,Owned: Owned outright,4812
Households,Livingston,Household Reference Person is aged 50 to 64,Owned: Owned with a mortgage or loan,5321
Households,Livingston,Household Reference Person is aged 50 to 64,Owned: Shared ownership (part owned and part rented),19
Households,Livingston,Household Reference Person is aged 50 to 64,Owned: Shared Equity (e.g. LIFT or Help-to-Buy),53
Households,Livingston,Household Reference Person is aged 50 to 64,Social Rented: Council (LA) or Housing Association/ Registered Social Landlord,3220
Households,Livingston,Household Reference Person is aged 50 to 64,Private rented: Total,897
Households,Livingston,Household Reference Person is aged 50 to 64,Private rented: Private landlord or letting agency,877
Households,Livingston,Household Reference Person is aged 50 to 64,Private rented: Other,23
Households,Livingston,Household Reference Person is aged 50 to 64,Lives Rent Free,92
Households,Livingston,Household Reference Person is aged 65 and over,All Household Reference Persons aged 16 and over,11426
Households,Livingston,Household Reference Person is aged 65 and over,Owned: Total,8229
Households,Livingston,Household Reference Person is aged 65 and over,Owned: Owned outright,7412
Households,Livingston,Household Reference Person is aged 65 and over,Owned: Owned with a mortgage or loan,734
Households,Livingston,Household Reference Person is aged 65 and over,Owned: Shared ownership (part owned and part rented),16
Households,Livingston,Household Reference Person is aged 65 and over,Owned: Shared Equity (e.g. LIFT or Help-to-Buy),67
Households,Livingston,Household Reference Person is aged 65 and over,Social Rented: Council (LA) or Housing Association/ Registered Social Landlord,2471
Households,Livingston,Household Reference Person is aged 65 and over,Private rented: Total,462
Households,Livingston,Household Reference Person is aged 65 and over,Private rented: Private landlord or letting agency,409
Households,Livingston,Household Reference Person is aged 65 and over,Private rented: Other,53
Households,Livingston,Household Reference Person is aged 65 and over,Lives Rent Free,262
Households,Lothian East,All Household Reference Persons aged 16 and over,All Household Reference Persons aged 16 and over,41870
Households,Lothian East,All Household Reference Persons aged 16 and over,Owned: Total,28538
Households,Lothian East,All Household Reference Persons aged 16 and over,Owned: Owned outright,14829
Households,Lothian East,All Household Reference Persons aged 16 and over,Owned: Owned with a mortgage or loan,13200
Households,Lothian East,All Household Reference Persons aged 16 and over,Owned: Shared ownership (part owned and part rented),118
Households,Lothian East,All Household Reference Persons aged 16 and over,Owned: Shared Equity (e.g. LIFT or Help-to-Buy),394
Households,Lothian East,All Household Reference Persons aged 16 and over,Social Rented: Council (LA) or Housing Association/ Registered Social Landlord,9506
Households,Lothian East,All Household Reference Persons aged 16 and over,Private rented: Total,3274
Households,Lothian East,All Household Reference Persons aged 16 and over,Private rented: Private landlord or letting agency,3166
Households,Lothian East,All Household Reference Persons aged 16 and over,Private rented: Other,108
Households,Lothian East,All Household Reference Persons aged 16 and over,Lives Rent Free,552
Households,Lothian East,Household Reference Person ages 16 to 34,All Household Reference Persons aged 16 and over,4958
Households,Lothian East,Household Reference Person ages 16 to 34,Owned: Total,2551
Households,Lothian East,Household Reference Person ages 16 to 34,Owned: Owned outright,238
Households,Lothian East,Household Reference Person ages 16 to 34,Owned: Owned with a mortgage or loan,2160
Households,Lothian East,Household Reference Person ages 16 to 34,Owned: Shared ownership (part owned and part rented),10
Households,Lothian East,Household Reference Person ages 16 to 34,Owned: Shared Equity (e.g. LIFT or Help-to-Buy),141
Households,Lothian East,Household Reference Person ages 16 to 34,Social Rented: Council (LA) or Housing Association/ Registered Social Landlord,1618
Households,Lothian East,Household Reference Person ages 16 to 34,Private rented: Total,703
Households,Lothian East,Household Reference Person ages 16 to 34,Private rented: Private landlord or letting agency,680
Households,Lothian East,Household Reference Person ages 16 to 34,Private rented: Other,23
Households,Lothian East,Household Reference Person ages 16 to 34,Lives Rent Free,86
Households,Lothian East,Household Reference Person is aged 35 to 49,All Household Reference Persons aged 16 and over,10043
Households,Lothian East,Household Reference Person is aged 35 to 49,Owned: Total,6576
Households,Lothian East,Household Reference Person is aged 35 to 49,Owned: Owned outright,867
Households,Lothian East,Household Reference Person is aged 35 to 49,Owned: Owned with a mortgage or loan,5539
Households,Lothian East,Household Reference Person is aged 35 to 49,Owned: Shared ownership (part owned and part rented),22
Households,Lothian East,Household Reference Person is aged 35 to 49,Owned: Shared Equity (e.g. LIFT or Help-to-Buy),152
Households,Lothian East,Household Reference Person is aged 35 to 49,Social Rented: Council (LA) or Housing Association/ Registered Social Landlord,2272
Households,Lothian East,Household Reference Person is aged 35 to 49,Private rented: Total,1098
Households,Lothian East,Household Reference Person is aged 35 to 49,Private rented: Private landlord or letting agency,1070
Households,Lothian East,Household Reference Person is aged 35 to 49,Private rented: Other,28
Households,Lothian East,Household Reference Person is aged 35 to 49,Lives Rent Free,97
Households,Lothian East,Household Reference Person is aged 50 to 64,All Household Reference Persons aged 16 and over,13344
Households,Lothian East,Household Reference Person is aged 50 to 64,Owned: Total,9376
Households,Lothian East,Household Reference Person is aged 50 to 64,Owned: Owned outright,4620
Households,Lothian East,Household Reference Person is aged 50 to 64,Owned: Owned with a mortgage or loan,4676
Households,Lothian East,Household Reference Person is aged 50 to 64,Owned: Shared ownership (part owned and part rented),40
Households,Lothian East,Household Reference Person is aged 50 to 64,Owned: Shared Equity (e.g. LIFT or Help-to-Buy),40
Households,Lothian East,Household Reference Person is aged 50 to 64,Social Rented: Council (LA) or Housing Association/ Registered Social Landlord,2942
Households,Lothian East,Household Reference Person is aged 50 to 64,Private rented: Total,909
Households,Lothian East,Household Reference Person is aged 50 to 64,Private rented: Private landlord or letting agency,885
Households,Lothian East,Household Reference Person is aged 50 to 64,Private rented: Other,24
Households,Lothian East,Household Reference Person is aged 50 to 64,Lives Rent Free,117
Households,Lothian East,Household Reference Person is aged 65 and over,All Household Reference Persons aged 16 and over,13525
Households,Lothian East,Household Reference Person is aged 65 and over,Owned: Total,10035
Households,Lothian East,Household Reference Person is aged 65 and over,Owned: Owned outright,9106
Households,Lothian East,Household Reference Person is aged 65 and over,Owned: Owned with a mortgage or loan,825
Households,Lothian East,Household Reference Person is aged 65 and over,Owned: Shared ownership (part owned and part rented),44
Households,Lothian East,Household Reference Person is aged 65 and over,Owned: Shared Equity (e.g. LIFT or Help-to-Buy),60
Households,Lothian East,Household Reference Person is aged 65 and over,Social Rented: Council (LA) or Housing Association/ Registered Social Landlord,2674
Households,Lothian East,Household Reference Person is aged 65 and over,Private rented: Total,565
Households,Lothian East,Household Reference Person is aged 65 and over,Private rented: Private landlord or letting agency,531
Households,Lothian East,Household Reference Person is aged 65 and over,Private rented: Other,33
Households,Lothian East,Household Reference Person is aged 65 and over,Lives Rent Free,252
Households,Mid Dunbartonshire,All Household Reference Persons aged 16 and over,All Household Reference Persons aged 16 and over,40272
Households,Mid Dunbartonshire,All Household Reference Persons aged 16 and over,Owned: Total,34418
Households,Mid Dunbartonshire,All Household Reference Persons aged 16 and over,Owned: Owned outright,19364
Households,Mid Dunbartonshire,All Household Reference Persons aged 16 and over,Owned: Owned with a mortgage or loan,14857
Households,Mid Dunbartonshire,All Household Reference Persons aged 16 and over,Owned: Shared ownership (part owned and part rented),60
Households,Mid Dunbartonshire,All Household Reference Persons aged 16 and over,Owned: Shared Equity (e.g. LIFT or Help-to-Buy),138
Households,Mid Dunbartonshire,All Household Reference Persons aged 16 and over,Social Rented: Council (LA) or Housing Association/ Registered Social Landlord,3225
Households,Mid Dunbartonshire,All Household Reference Persons aged 16 and over,Private rented: Total,2291
Households,Mid Dunbartonshire,All Household Reference Persons aged 16 and over,Private rented: Private landlord or letting agency,2192
Households,Mid Dunbartonshire,All Household Reference Persons aged 16 and over,Private rented: Other,102
Households,Mid Dunbartonshire,All Household Reference Persons aged 16 and over,Lives Rent Free,335
Households,Mid Dunbartonshire,Household Reference Person ages 16 to 34,All Household Reference Persons aged 16 and over,3079
Households,Mid Dunbartonshire,Household Reference Person ages 16 to 34,Owned: Total,2059
Households,Mid Dunbartonshire,Household Reference Person ages 16 to 34,Owned: Owned outright,282
Households,Mid Dunbartonshire,Household Reference Person ages 16 to 34,Owned: Owned with a mortgage or loan,1752
Households,Mid Dunbartonshire,Household Reference Person ages 16 to 34,Owned: Shared ownership (part owned and part rented),4
Households,Mid Dunbartonshire,Household Reference Person ages 16 to 34,Owned: Shared Equity (e.g. LIFT or Help-to-Buy),26
Households,Mid Dunbartonshire,Household Reference Person ages 16 to 34,Social Rented: Council (LA) or Housing Association/ Registered Social Landlord,440
Households,Mid Dunbartonshire,Household Reference Person ages 16 to 34,Private rented: Total,531
Households,Mid Dunbartonshire,Household Reference Person ages 16 to 34,Private rented: Private landlord or letting agency,506
Households,Mid Dunbartonshire,Household Reference Person ages 16 to 34,Private rented: Other,21
Households,Mid Dunbartonshire,Household Reference Person ages 16 to 34,Lives Rent Free,53
Households,Mid Dunbartonshire,Household Reference Person is aged 35 to 49,All Household Reference Persons aged 16 and over,9275
Households,Mid Dunbartonshire,Household Reference Person is aged 35 to 49,Owned: Total,7677
Households,Mid Dunbartonshire,Household Reference Person is aged 35 to 49,Owned: Owned outright,913
Households,Mid Dunbartonshire,Household Reference Person is aged 35 to 49,Owned: Owned with a mortgage or loan,6706
Households,Mid Dunbartonshire,Household Reference Person is aged 35 to 49,Owned: Shared ownership (part owned and part rented),9
Households,Mid Dunbartonshire,Household Reference Person is aged 35 to 49,Owned: Shared Equity (e.g. LIFT or Help-to-Buy),49
Households,Mid Dunbartonshire,Household Reference Person is aged 35 to 49,Social Rented: Council (LA) or Housing Association/ Registered Social Landlord,726
Households,Mid Dunbartonshire,Household Reference Person is aged 35 to 49,Private rented: Total,814
Households,Mid Dunbartonshire,Household Reference Person is aged 35 to 49,Private rented: Private landlord or letting agency,788
Households,Mid Dunbartonshire,Household Reference Person is aged 35 to 49,Private rented: Other,24
Households,Mid Dunbartonshire,Household Reference Person is aged 35 to 49,Lives Rent Free,56
Households,Mid Dunbartonshire,Household Reference Person is aged 50 to 64,All Household Reference Persons aged 16 and over,12558
Households,Mid Dunbartonshire,Household Reference Person is aged 50 to 64,Owned: Total,10860
Households,Mid Dunbartonshire,Household Reference Person is aged 50 to 64,Owned: Owned outright,5475
Households,Mid Dunbartonshire,Household Reference Person is aged 50 to 64,Owned: Owned with a mortgage or loan,5357
Households,Mid Dunbartonshire,Household Reference Person is aged 50 to 64,Owned: Shared ownership (part owned and part rented),15
Households,Mid Dunbartonshire,Household Reference Person is aged 50 to 64,Owned: Shared Equity (e.g. LIFT or Help-to-Buy),13
Households,Mid Dunbartonshire,Household Reference Person is aged 50 to 64,Social Rented: Council (LA) or Housing Association/ Registered Social Landlord,1038
Households,Mid Dunbartonshire,Household Reference Person is aged 50 to 64,Private rented: Total,584
Households,Mid Dunbartonshire,Household Reference Person is aged 50 to 64,Private rented: Private landlord or letting agency,565
Households,Mid Dunbartonshire,Household Reference Person is aged 50 to 64,Private rented: Other,15
Households,Mid Dunbartonshire,Household Reference Person is aged 50 to 64,Lives Rent Free,76
Households,Mid Dunbartonshire,Household Reference Person is aged 65 and over,All Household Reference Persons aged 16 and over,15364
Households,Mid Dunbartonshire,Household Reference Person is aged 65 and over,Owned: Total,13822
Households,Mid Dunbartonshire,Household Reference Person is aged 65 and over,Owned: Owned outright,12694
Households,Mid Dunbartonshire,Household Reference Person is aged 65 and over,Owned: Owned with a mortgage or loan,1046
Households,Mid Dunbartonshire,Household Reference Person is aged 65 and over,Owned: Shared ownership (part owned and part rented),32
Households,Mid Dunbartonshire,Household Reference Person is aged 65 and over,Owned: Shared Equity (e.g. LIFT or Help-to-Buy),50
Households,Mid Dunbartonshire,Household Reference Person is aged 65 and over,Social Rented: Council (LA) or Housing Association/ Registered Social Landlord,1021
Households,Mid Dunbartonshire,Household Reference Person is aged 65 and over,Private rented: Total,369
Households,Mid Dunbartonshire,Household Reference Person is aged 65 and over,Private rented: Private landlord or letting agency,327
Households,Mid Dunbartonshire,Household Reference Person is aged 65 and over,Private rented: Other,42
Households,Mid Dunbartonshire,Household Reference Person is aged 65 and over,Lives Rent Free,158
Households,"Moray West, Nairn and Strathspey",All Household Reference Persons aged 16 and over,All Household Reference Persons aged 16 and over,45493
Households,"Moray West, Nairn and Strathspey",All Household Reference Persons aged 16 and over,Owned: Total,30517
Households,"Moray West, Nairn and Strathspey",All Household Reference Persons aged 16 and over,Owned: Owned outright,18291
Households,"Moray West, Nairn and Strathspey",All Household Reference Persons aged 16 and over,Owned: Owned with a mortgage or loan,11847
Households,"Moray West, Nairn and Strathspey",All Household Reference Persons aged 16 and over,Owned: Shared ownership (part owned and part rented),92
Households,"Moray West, Nairn and Strathspey",All Household Reference Persons aged 16 and over,Owned: Shared Equity (e.g. LIFT or Help-to-Buy),284
Households,"Moray West, Nairn and Strathspey",All Household Reference Persons aged 16 and over,Social Rented: Council (LA) or Housing Association/ Registered Social Landlord,8127
Households,"Moray West, Nairn and Strathspey",All Household Reference Persons aged 16 and over,Private rented: Total,5926
Households,"Moray West, Nairn and Strathspey",All Household Reference Persons aged 16 and over,Private rented: Private landlord or letting agency,5122
Households,"Moray West, Nairn and Strathspey",All Household Reference Persons aged 16 and over,Private rented: Other,804
Households,"Moray West, Nairn and Strathspey",All Household Reference Persons aged 16 and over,Lives Rent Free,920
Households,"Moray West, Nairn and Strathspey",Household Reference Person ages 16 to 34,All Household Reference Persons aged 16 and over,6142
Households,"Moray West, Nairn and Strathspey",Household Reference Person ages 16 to 34,Owned: Total,2595
Households,"Moray West, Nairn and Strathspey",Household Reference Person ages 16 to 34,Owned: Owned outright,319
Households,"Moray West, Nairn and Strathspey",Household Reference Person ages 16 to 34,Owned: Owned with a mortgage or loan,2190
Households,"Moray West, Nairn and Strathspey",Household Reference Person ages 16 to 34,Owned: Shared ownership (part owned and part rented),10
Households,"Moray West, Nairn and Strathspey",Household Reference Person ages 16 to 34,Owned: Shared Equity (e.g. LIFT or Help-to-Buy),75
Households,"Moray West, Nairn and Strathspey",Household Reference Person ages 16 to 34,Social Rented: Council (LA) or Housing Association/ Registered Social Landlord,1575
Households,"Moray West, Nairn and Strathspey",Household Reference Person ages 16 to 34,Private rented: Total,1778
Households,"Moray West, Nairn and Strathspey",Household Reference Person ages 16 to 34,Private rented: Private landlord or letting agency,1472
Households,"Moray West, Nairn and Strathspey",Household Reference Person ages 16 to 34,Private rented: Other,300
Households,"Moray West, Nairn and Strathspey",Household Reference Person ages 16 to 34,Lives Rent Free,195
Households,"Moray West, Nairn and Strathspey",Household Reference Person is aged 35 to 49,All Household Reference Persons aged 16 and over,9823
Households,"Moray West, Nairn and Strathspey",Household Reference Person is aged 35 to 49,Owned: Total,5875
Households,"Moray West, Nairn and Strathspey",Household Reference Person is aged 35 to 49,Owned: Owned outright,1100
Households,"Moray West, Nairn and Strathspey",Household Reference Person is aged 35 to 49,Owned: Owned with a mortgage or loan,4632
Households,"Moray West, Nairn and Strathspey",Household Reference Person is aged 35 to 49,Owned: Shared ownership (part owned and part rented),17
Households,"Moray West, Nairn and Strathspey",Household Reference Person is aged 35 to 49,Owned: Shared Equity (e.g. LIFT or Help-to-Buy),125
Households,"Moray West, Nairn and Strathspey",Household Reference Person is aged 35 to 49,Social Rented: Council (LA) or Housing Association/ Registered Social Landlord,2009
Households,"Moray West, Nairn and Strathspey",Household Reference Person is aged 35 to 49,Private rented: Total,1784
Households,"Moray West, Nairn and Strathspey",Household Reference Person is aged 35 to 49,Private rented: Private landlord or letting agency,1417
Households,"Moray West, Nairn and Strathspey",Household Reference Person is aged 35 to 49,Private rented: Other,367
Households,"Moray West, Nairn and Strathspey",Household Reference Person is aged 35 to 49,Lives Rent Free,148
Households,"Moray West, Nairn and Strathspey",Household Reference Person is aged 50 to 64,All Household Reference Persons aged 16 and over,14428
Households,"Moray West, Nairn and Strathspey",Household Reference Person is aged 50 to 64,Owned: Total,10389
Households,"Moray West, Nairn and Strathspey",Household Reference Person is aged 50 to 64,Owned: Owned outright,6021
Households,"Moray West, Nairn and Strathspey",Household Reference Person is aged 50 to 64,Owned: Owned with a mortgage or loan,4302
Households,"Moray West, Nairn and Strathspey",Household Reference Person is aged 50 to 64,Owned: Shared ownership (part owned and part rented),26
Households,"Moray West, Nairn and Strathspey",Household Reference Person is aged 50 to 64,Owned: Shared Equity (e.g. LIFT or Help-to-Buy),44
Households,"Moray West, Nairn and Strathspey",Household Reference Person is aged 50 to 64,Social Rented: Council (LA) or Housing Association/ Registered Social Landlord,2352
Households,"Moray West, Nairn and Strathspey",Household Reference Person is aged 50 to 64,Private rented: Total,1466
Households,"Moray West, Nairn and Strathspey",Household Reference Person is aged 50 to 64,Private rented: Private landlord or letting agency,1398
Households,"Moray West, Nairn and Strathspey",Household Reference Person is aged 50 to 64,Private rented: Other,68
Households,"Moray West, Nairn and Strathspey",Household Reference Person is aged 50 to 64,Lives Rent Free,221
Households,"Moray West, Nairn and Strathspey",Household Reference Person is aged 65 and over,All Household Reference Persons aged 16 and over,15100
Households,"Moray West, Nairn and Strathspey",Household Reference Person is aged 65 and over,Owned: Total,11659
Households,"Moray West, Nairn and Strathspey",Household Reference Person is aged 65 and over,Owned: Owned outright,10853
Households,"Moray West, Nairn and Strathspey",Household Reference Person is aged 65 and over,Owned: Owned with a mortgage or loan,727
Households,"Moray West, Nairn and Strathspey",Household Reference Person is aged 65 and over,Owned: Shared ownership (part owned and part rented),39
Households,"Moray West, Nairn and Strathspey",Household Reference Person is aged 65 and over,Owned: Shared Equity (e.g. LIFT or Help-to-Buy),43
Households,"Moray West, Nairn and Strathspey",Household Reference Person is aged 65 and over,Social Rented: Council (LA) or Housing Association/ Registered Social Landlord,2191
Households,"Moray West, Nairn and Strathspey",Household Reference Person is aged 65 and over,Private rented: Total,898
Households,"Moray West, Nairn and Strathspey",Household Reference Person is aged 65 and over,Private rented: Private landlord or letting agency,832
Households,"Moray West, Nairn and Strathspey",Household Reference Person is aged 65 and over,Private rented: Other,66
Households,"Moray West, Nairn and Strathspey",Household Reference Person is aged 65 and over,Lives Rent Free,352
Households,"Motherwell, Wishaw and Carluke",All Household Reference Persons aged 16 and over,All Household Reference Persons aged 16 and over,44207
Households,"Motherwell, Wishaw and Carluke",All Household Reference Persons aged 16 and over,Owned: Total,26436
Households,"Motherwell, Wishaw and Carluke",All Household Reference Persons aged 16 and over,Owned: Owned outright,12861
Households,"Motherwell, Wishaw and Carluke",All Household Reference Persons aged 16 and over,Owned: Owned with a mortgage or loan,13294
Households,"Motherwell, Wishaw and Carluke",All Household Reference Persons aged 16 and over,Owned: Shared ownership (part owned and part rented),83
Households,"Motherwell, Wishaw and Carluke",All Household Reference Persons aged 16 and over,Owned: Shared Equity (e.g. LIFT or Help-to-Buy),199
Households,"Motherwell, Wishaw and Carluke",All Household Reference Persons aged 16 and over,Social Rented: Council (LA) or Housing Association/ Registered Social Landlord,13654
Households,"Motherwell, Wishaw and Carluke",All Household Reference Persons aged 16 and over,Private rented: Total,3555
Households,"Motherwell, Wishaw and Carluke",All Household Reference Persons aged 16 and over,Private rented: Private landlord or letting agency,3411
Households,"Motherwell, Wishaw and Carluke",All Household Reference Persons aged 16 and over,Private rented: Other,144
Households,"Motherwell, Wishaw and Carluke",All Household Reference Persons aged 16 and over,Lives Rent Free,564
Households,"Motherwell, Wishaw and Carluke",Household Reference Person ages 16 to 34,All Household Reference Persons aged 16 and over,6723
Households,"Motherwell, Wishaw and Carluke",Household Reference Person ages 16 to 34,Owned: Total,2844
Households,"Motherwell, Wishaw and Carluke",Household Reference Person ages 16 to 34,Owned: Owned outright,288
Households,"Motherwell, Wishaw and Carluke",Household Reference Person ages 16 to 34,Owned: Owned with a mortgage or loan,2462
Households,"Motherwell, Wishaw and Carluke",Household Reference Person ages 16 to 34,Owned: Shared ownership (part owned and part rented),7
Households,"Motherwell, Wishaw and Carluke",Household Reference Person ages 16 to 34,Owned: Shared Equity (e.g. LIFT or Help-to-Buy),90
Households,"Motherwell, Wishaw and Carluke",Household Reference Person ages 16 to 34,Social Rented: Council (LA) or Housing Association/ Registered Social Landlord,2549
Households,"Motherwell, Wishaw and Carluke",Household Reference Person ages 16 to 34,Private rented: Total,1257
Households,"Motherwell, Wishaw and Carluke",Household Reference Person ages 16 to 34,Private rented: Private landlord or letting agency,1216
Households,"Motherwell, Wishaw and Carluke",Household Reference Person ages 16 to 34,Private rented: Other,45
Households,"Motherwell, Wishaw and Carluke",Household Reference Person ages 16 to 34,Lives Rent Free,73
Households,"Motherwell, Wishaw and Carluke",Household Reference Person is aged 35 to 49,All Household Reference Persons aged 16 and over,11147
Households,"Motherwell, Wishaw and Carluke",Household Reference Person is aged 35 to 49,Owned: Total,6399
Households,"Motherwell, Wishaw and Carluke",Household Reference Person is aged 35 to 49,Owned: Owned outright,800
Households,"Motherwell, Wishaw and Carluke",Household Reference Person is aged 35 to 49,Owned: Owned with a mortgage or loan,5513
Households,"Motherwell, Wishaw and Carluke",Household Reference Person is aged 35 to 49,Owned: Shared ownership (part owned and part rented),13
Households,"Motherwell, Wishaw and Carluke",Household Reference Person is aged 35 to 49,Owned: Shared Equity (e.g. LIFT or Help-to-Buy),72
Households,"Motherwell, Wishaw and Carluke",Household Reference Person is aged 35 to 49,Social Rented: Council (LA) or Housing Association/ Registered Social Landlord,3468
Households,"Motherwell, Wishaw and Carluke",Household Reference Person is aged 35 to 49,Private rented: Total,1199
Households,"Motherwell, Wishaw and Carluke",Household Reference Person is aged 35 to 49,Private rented: Private landlord or letting agency,1169
Households,"Motherwell, Wishaw and Carluke",Household Reference Person is aged 35 to 49,Private rented: Other,30
Households,"Motherwell, Wishaw and Carluke",Household Reference Person is aged 35 to 49,Lives Rent Free,78
Households,"Motherwell, Wishaw and Carluke",Household Reference Person is aged 50 to 64,All Household Reference Persons aged 16 and over,13813
Households,"Motherwell, Wishaw and Carluke",Household Reference Person is aged 50 to 64,Owned: Total,8936
Households,"Motherwell, Wishaw and Carluke",Household Reference Person is aged 50 to 64,Owned: Owned outright,4379
Households,"Motherwell, Wishaw and Carluke",Household Reference Person is aged 50 to 64,Owned: Owned with a mortgage or loan,4507
Households,"Motherwell, Wishaw and Carluke",Household Reference Person is aged 50 to 64,Owned: Shared ownership (part owned and part rented),31
Households,"Motherwell, Wishaw and Carluke",Household Reference Person is aged 50 to 64,Owned: Shared Equity (e.g. LIFT or Help-to-Buy),17
Households,"Motherwell, Wishaw and Carluke",Household Reference Person is aged 50 to 64,Social Rented: Council (LA) or Housing Association/ Registered Social Landlord,4043
Households,"Motherwell, Wishaw and Carluke",Household Reference Person is aged 50 to 64,Private rented: Total,722
Households,"Motherwell, Wishaw and Carluke",Household Reference Person is aged 50 to 64,Private rented: Private landlord or letting agency,703
Households,"Motherwell, Wishaw and Carluke",Household Reference Person is aged 50 to 64,Private rented: Other,19
Households,"Motherwell, Wishaw and Carluke",Household Reference Person is aged 50 to 64,Lives Rent Free,114
Households,"Motherwell, Wishaw and Carluke",Household Reference Person is aged 65 and over,All Household Reference Persons aged 16 and over,12522
Households,"Motherwell, Wishaw and Carluke",Household Reference Person is aged 65 and over,Owned: Total,8259
Households,"Motherwell, Wishaw and Carluke",Household Reference Person is aged 65 and over,Owned: Owned outright,7393
Households,"Motherwell, Wishaw and Carluke",Household Reference Person is aged 65 and over,Owned: Owned with a mortgage or loan,812
Households,"Motherwell, Wishaw and Carluke",Household Reference Person is aged 65 and over,Owned: Shared ownership (part owned and part rented),32
Households,"Motherwell, Wishaw and Carluke",Household Reference Person is aged 65 and over,Owned: Shared Equity (e.g. LIFT or Help-to-Buy),25
Households,"Motherwell, Wishaw and Carluke",Household Reference Person is aged 65 and over,Social Rented: Council (LA) or Housing Association/ Registered Social Landlord,3587
Households,"Motherwell, Wishaw and Carluke",Household Reference Person is aged 65 and over,Private rented: Total,377
Households,"Motherwell, Wishaw and Carluke",Household Reference Person is aged 65 and over,Private rented: Private landlord or letting agency,323
Households,"Motherwell, Wishaw and Carluke",Household Reference Person is aged 65 and over,Private rented: Other,54
Households,"Motherwell, Wishaw and Carluke",Household Reference Person is aged 65 and over,Lives Rent Free,299
Households,North East Fife,All Household Reference Persons aged 16 and over,All Household Reference Persons aged 16 and over,40975
Households,North East Fife,All Household Reference Persons aged 16 and over,Owned: Total,27543
Households,North East Fife,All Household Reference Persons aged 16 and over,Owned: Owned outright,17336
Households,North East Fife,All Household Reference Persons aged 16 and over,Owned: Owned with a mortgage or loan,9905
Households,North East Fife,All Household Reference Persons aged 16 and over,Owned: Shared ownership (part owned and part rented),162
Households,North East Fife,All Household Reference Persons aged 16 and over,Owned: Shared Equity (e.g. LIFT or Help-to-Buy),138
Households,North East Fife,All Household Reference Persons aged 16 and over,Social Rented: Council (LA) or Housing Association/ Registered Social Landlord,6650
Households,North East Fife,All Household Reference Persons aged 16 and over,Private rented: Total,6159
Households,North East Fife,All Household Reference Persons aged 16 and over,Private rented: Private landlord or letting agency,5814
Households,North East Fife,All Household Reference Persons aged 16 and over,Private rented: Other,349
Households,North East Fife,All Household Reference Persons aged 16 and over,Lives Rent Free,623
Households,North East Fife,Household Reference Person ages 16 to 34,All Household Reference Persons aged 16 and over,6156
Households,North East Fife,Household Reference Person ages 16 to 34,Owned: Total,1998
Households,North East Fife,Household Reference Person ages 16 to 34,Owned: Owned outright,466
Households,North East Fife,Household Reference Person ages 16 to 34,Owned: Owned with a mortgage or loan,1454
Households,North East Fife,Household Reference Person ages 16 to 34,Owned: Shared ownership (part owned and part rented),37
Households,North East Fife,Household Reference Person ages 16 to 34,Owned: Shared Equity (e.g. LIFT or Help-to-Buy),37
Households,North East Fife,Household Reference Person ages 16 to 34,Social Rented: Council (LA) or Housing Association/ Registered Social Landlord,1151
Households,North East Fife,Household Reference Person ages 16 to 34,Private rented: Total,2894
Households,North East Fife,Household Reference Person ages 16 to 34,Private rented: Private landlord or letting agency,2761
Households,North East Fife,Household Reference Person ages 16 to 34,Private rented: Other,133
Households,North East Fife,Household Reference Person ages 16 to 34,Lives Rent Free,113
Households,North East Fife,Household Reference Person is aged 35 to 49,All Household Reference Persons aged 16 and over,7745
Households,North East Fife,Household Reference Person is aged 35 to 49,Owned: Total,4795
Households,North East Fife,Household Reference Person is aged 35 to 49,Owned: Owned outright,881
Households,North East Fife,Household Reference Person is aged 35 to 49,Owned: Owned with a mortgage or loan,3856
Households,North East Fife,Household Reference Person is aged 35 to 49,Owned: Shared ownership (part owned and part rented),22
Households,North East Fife,Household Reference Person is aged 35 to 49,Owned: Shared Equity (e.g. LIFT or Help-to-Buy),32
Households,North East Fife,Household Reference Person is aged 35 to 49,Social Rented: Council (LA) or Housing Association/ Registered Social Landlord,1519
Households,North East Fife,Household Reference Person is aged 35 to 49,Private rented: Total,1350
Households,North East Fife,Household Reference Person is aged 35 to 49,Private rented: Private landlord or letting agency,1231
Households,North East Fife,Household Reference Person is aged 35 to 49,Private rented: Other,118
Households,North East Fife,Household Reference Person is aged 35 to 49,Lives Rent Free,85
Households,North East Fife,Household Reference Person is aged 50 to 64,All Household Reference Persons aged 16 and over,12368
Households,North East Fife,Household Reference Person is aged 50 to 64,Owned: Total,9056
Households,North East Fife,Household Reference Person is aged 50 to 64,Owned: Owned outright,5176
Households,North East Fife,Household Reference Person is aged 50 to 64,Owned: Owned with a mortgage or loan,3820
Households,North East Fife,Household Reference Person is aged 50 to 64,Owned: Shared ownership (part owned and part rented),42
Households,North East Fife,Household Reference Person is aged 50 to 64,Owned: Shared Equity (e.g. LIFT or Help-to-Buy),14
Households,North East Fife,Household Reference Person is aged 50 to 64,Social Rented: Council (LA) or Housing Association/ Registered Social Landlord,2011
Households,North East Fife,Household Reference Person is aged 50 to 64,Private rented: Total,1144
Households,North East Fife,Household Reference Person is aged 50 to 64,Private rented: Private landlord or letting agency,1103
Households,North East Fife,Household Reference Person is aged 50 to 64,Private rented: Other,41
Households,North East Fife,Household Reference Person is aged 50 to 64,Lives Rent Free,157
Households,North East Fife,Household Reference Person is aged 65 and over,All Household Reference Persons aged 16 and over,14706
Households,North East Fife,Household Reference Person is aged 65 and over,Owned: Total,11694
Households,North East Fife,Household Reference Person is aged 65 and over,Owned: Owned outright,10812
Households,North East Fife,Household Reference Person is aged 65 and over,Owned: Owned with a mortgage or loan,777
Households,North East Fife,Household Reference Person is aged 65 and over,Owned: Shared ownership (part owned and part rented),58
Households,North East Fife,Household Reference Person is aged 65 and over,Owned: Shared Equity (e.g. LIFT or Help-to-Buy),51
Households,North East Fife,Household Reference Person is aged 65 and over,Social Rented: Council (LA) or Housing Association/ Registered Social Landlord,1969
Households,North East Fife,Household Reference Person is aged 65 and over,Private rented: Total,771
Households,North East Fife,Household Reference Person is aged 65 and over,Private rented: Private landlord or letting agency,715
Households,North East Fife,Household Reference Person is aged 65 and over,Private rented: Other,56
Households,North East Fife,Household Reference Person is aged 65 and over,Lives Rent Free,268
Households,Paisley and Renfrewshire North,All Household Reference Persons aged 16 and over,All Household Reference Persons aged 16 and over,43222
Households,Paisley and Renfrewshire North,All Household Reference Persons aged 16 and over,Owned: Total,28784
Households,Paisley and Renfrewshire North,All Household Reference Persons aged 16 and over,Owned: Owned outright,14059
Households,Paisley and Renfrewshire North,All Household Reference Persons aged 16 and over,Owned: Owned with a mortgage or loan,14389
Households,Paisley and Renfrewshire North,All Household Reference Persons aged 16 and over,Owned: Shared ownership (part owned and part rented),58
Households,Paisley and Renfrewshire North,All Household Reference Persons aged 16 and over,Owned: Shared Equity (e.g. LIFT or Help-to-Buy),279
Households,Paisley and Renfrewshire North,All Household Reference Persons aged 16 and over,Social Rented: Council (LA) or Housing Association/ Registered Social Landlord,9376
Households,Paisley and Renfrewshire North,All Household Reference Persons aged 16 and over,Private rented: Total,4573
Households,Paisley and Renfrewshire North,All Household Reference Persons aged 16 and over,Private rented: Private landlord or letting agency,4426
Households,Paisley and Renfrewshire North,All Household Reference Persons aged 16 and over,Private rented: Other,147
Households,Paisley and Renfrewshire North,All Household Reference Persons aged 16 and over,Lives Rent Free,488
Households,Paisley and Renfrewshire North,Household Reference Person ages 16 to 34,All Household Reference Persons aged 16 and over,7100
Households,Paisley and Renfrewshire North,Household Reference Person ages 16 to 34,Owned: Total,3676
Households,Paisley and Renfrewshire North,Household Reference Person ages 16 to 34,Owned: Owned outright,371
Households,Paisley and Renfrewshire North,Household Reference Person ages 16 to 34,Owned: Owned with a mortgage or loan,3180
Households,Paisley and Renfrewshire North,Household Reference Person ages 16 to 34,Owned: Shared ownership (part owned and part rented),7
Households,Paisley and Renfrewshire North,Household Reference Person ages 16 to 34,Owned: Shared Equity (e.g. LIFT or Help-to-Buy),118
Households,Paisley and Renfrewshire North,Household Reference Person ages 16 to 34,Social Rented: Council (LA) or Housing Association/ Registered Social Landlord,1506
Households,Paisley and Renfrewshire North,Household Reference Person ages 16 to 34,Private rented: Total,1825
Households,Paisley and Renfrewshire North,Household Reference Person ages 16 to 34,Private rented: Private landlord or letting agency,1787
Households,Paisley and Renfrewshire North,Household Reference Person ages 16 to 34,Private rented: Other,42
Households,Paisley and Renfrewshire North,Household Reference Person ages 16 to 34,Lives Rent Free,93
Households,Paisley and Renfrewshire North,Household Reference Person is aged 35 to 49,All Household Reference Persons aged 16 and over,11040
Households,Paisley and Renfrewshire North,Household Reference Person is aged 35 to 49,Owned: Total,6959
Households,Paisley and Renfrewshire North,Household Reference Person is aged 35 to 49,Owned: Owned outright,843
Households,Paisley and Renfrewshire North,Household Reference Person is aged 35 to 49,Owned: Owned with a mortgage or loan,6007
Households,Paisley and Renfrewshire North,Household Reference Person is aged 35 to 49,Owned: Shared ownership (part owned and part rented),9
Households,Paisley and Renfrewshire North,Household Reference Person is aged 35 to 49,Owned: Shared Equity (e.g. LIFT or Help-to-Buy),101
Households,Paisley and Renfrewshire North,Household Reference Person is aged 35 to 49,Social Rented: Council (LA) or Housing Association/ Registered Social Landlord,2521
Households,Paisley and Renfrewshire North,Household Reference Person is aged 35 to 49,Private rented: Total,1463
Households,Paisley and Renfrewshire North,Household Reference Person is aged 35 to 49,Private rented: Private landlord or letting agency,1433
Households,Paisley and Renfrewshire North,Household Reference Person is aged 35 to 49,Private rented: Other,30
Households,Paisley and Renfrewshire North,Household Reference Person is aged 35 to 49,Lives Rent Free,97
Households,Paisley and Renfrewshire North,Household Reference Person is aged 50 to 64,All Household Reference Persons aged 16 and over,12947
Households,Paisley and Renfrewshire North,Household Reference Person is aged 50 to 64,Owned: Total,8989
Households,Paisley and Renfrewshire North,Household Reference Person is aged 50 to 64,Owned: Owned outright,4562
Households,Paisley and Renfrewshire North,Household Reference Person is aged 50 to 64,Owned: Owned with a mortgage or loan,4381
Households,Paisley and Renfrewshire North,Household Reference Person is aged 50 to 64,Owned: Shared ownership (part owned and part rented),21
Households,Paisley and Renfrewshire North,Household Reference Person is aged 50 to 64,Owned: Shared Equity (e.g. LIFT or Help-to-Buy),25
Households,Paisley and Renfrewshire North,Household Reference Person is aged 50 to 64,Social Rented: Council (LA) or Housing Association/ Registered Social Landlord,3012
Households,Paisley and Renfrewshire North,Household Reference Person is aged 50 to 64,Private rented: Total,842
Households,Paisley and Renfrewshire North,Household Reference Person is aged 50 to 64,Private rented: Private landlord or letting agency,802
Households,Paisley and Renfrewshire North,Household Reference Person is aged 50 to 64,Private rented: Other,40
Households,Paisley and Renfrewshire North,Household Reference Person is aged 50 to 64,Lives Rent Free,104
Households,Paisley and Renfrewshire North,Household Reference Person is aged 65 and over,All Household Reference Persons aged 16 and over,12135
Households,Paisley and Renfrewshire North,Household Reference Person is aged 65 and over,Owned: Total,9161
Households,Paisley and Renfrewshire North,Household Reference Person is aged 65 and over,Owned: Owned outright,8283
Households,Paisley and Renfrewshire North,Household Reference Person is aged 65 and over,Owned: Owned with a mortgage or loan,821
Households,Paisley and Renfrewshire North,Household Reference Person is aged 65 and over,Owned: Shared ownership (part owned and part rented),21
Households,Paisley and Renfrewshire North,Household Reference Person is aged 65 and over,Owned: Shared Equity (e.g. LIFT or Help-to-Buy),36
Households,Paisley and Renfrewshire North,Household Reference Person is aged 65 and over,Social Rented: Council (LA) or Housing Association/ Registered Social Landlord,2340
Households,Paisley and Renfrewshire North,Household Reference Person is aged 65 and over,Private rented: Total,442
Households,Paisley and Renfrewshire North,Household Reference Person is aged 65 and over,Private rented: Private landlord or letting agency,404
Households,Paisley and Renfrewshire North,Household Reference Person is aged 65 and over,Private rented: Other,39
Households,Paisley and Renfrewshire North,Household Reference Person is aged 65 and over,Lives Rent Free,194
Households,Paisley and Renfrewshire South,All Household Reference Persons aged 16 and over,All Household Reference Persons aged 16 and over,45518
Households,Paisley and Renfrewshire South,All Household Reference Persons aged 16 and over,Owned: Total,28797
Households,Paisley and Renfrewshire South,All Household Reference Persons aged 16 and over,Owned: Owned outright,14638
Households,Paisley and Renfrewshire South,All Household Reference Persons aged 16 and over,Owned: Owned with a mortgage or loan,13878
Households,Paisley and Renfrewshire South,All Household Reference Persons aged 16 and over,Owned: Shared ownership (part owned and part rented),60
Households,Paisley and Renfrewshire South,All Household Reference Persons aged 16 and over,Owned: Shared Equity (e.g. LIFT or Help-to-Buy),224
Households,Paisley and Renfrewshire South,All Household Reference Persons aged 16 and over,Social Rented: Council (LA) or Housing Association/ Registered Social Landlord,10936
Households,Paisley and Renfrewshire South,All Household Reference Persons aged 16 and over,Private rented: Total,5299
Households,Paisley and Renfrewshire South,All Household Reference Persons aged 16 and over,Private rented: Private landlord or letting agency,5091
Households,Paisley and Renfrewshire South,All Household Reference Persons aged 16 and over,Private rented: Other,211
Households,Paisley and Renfrewshire South,All Household Reference Persons aged 16 and over,Lives Rent Free,490
Households,Paisley and Renfrewshire South,Household Reference Person ages 16 to 34,All Household Reference Persons aged 16 and over,7715
Households,Paisley and Renfrewshire South,Household Reference Person ages 16 to 34,Owned: Total,3507
Households,Paisley and Renfrewshire South,Household Reference Person ages 16 to 34,Owned: Owned outright,435
Households,Paisley and Renfrewshire South,Household Reference Person ages 16 to 34,Owned: Owned with a mortgage or loan,2988
Households,Paisley and Renfrewshire South,Household Reference Person ages 16 to 34,Owned: Shared ownership (part owned and part rented),12
Households,Paisley and Renfrewshire South,Household Reference Person ages 16 to 34,Owned: Shared Equity (e.g. LIFT or Help-to-Buy),69
Households,Paisley and Renfrewshire South,Household Reference Person ages 16 to 34,Social Rented: Council (LA) or Housing Association/ Registered Social Landlord,1856
Households,Paisley and Renfrewshire South,Household Reference Person ages 16 to 34,Private rented: Total,2223
Households,Paisley and Renfrewshire South,Household Reference Person ages 16 to 34,Private rented: Private landlord or letting agency,2151
Households,Paisley and Renfrewshire South,Household Reference Person ages 16 to 34,Private rented: Other,72
Households,Paisley and Renfrewshire South,Household Reference Person ages 16 to 34,Lives Rent Free,128
Households,Paisley and Renfrewshire South,Household Reference Person is aged 35 to 49,All Household Reference Persons aged 16 and over,10340
Households,Paisley and Renfrewshire South,Household Reference Person is aged 35 to 49,Owned: Total,6185
Households,Paisley and Renfrewshire South,Household Reference Person is aged 35 to 49,Owned: Owned outright,869
Households,Paisley and Renfrewshire South,Household Reference Person is aged 35 to 49,Owned: Owned with a mortgage or loan,5226
Households,Paisley and Renfrewshire South,Household Reference Person is aged 35 to 49,Owned: Shared ownership (part owned and part rented),6
Households,Paisley and Renfrewshire South,Household Reference Person is aged 35 to 49,Owned: Shared Equity (e.g. LIFT or Help-to-Buy),81
Households,Paisley and Renfrewshire South,Household Reference Person is aged 35 to 49,Social Rented: Council (LA) or Housing Association/ Registered Social Landlord,2543
Households,Paisley and Renfrewshire South,Household Reference Person is aged 35 to 49,Private rented: Total,1536
Households,Paisley and Renfrewshire South,Household Reference Person is aged 35 to 49,Private rented: Private landlord or letting agency,1472
Households,Paisley and Renfrewshire South,Household Reference Person is aged 35 to 49,Private rented: Other,63
Households,Paisley and Renfrewshire South,Household Reference Person is aged 35 to 49,Lives Rent Free,76
Households,Paisley and Renfrewshire South,Household Reference Person is aged 50 to 64,All Household Reference Persons aged 16 and over,14535
Households,Paisley and Renfrewshire South,Household Reference Person is aged 50 to 64,Owned: Total,9840
Households,Paisley and Renfrewshire South,Household Reference Person is aged 50 to 64,Owned: Owned outright,4999
Households,Paisley and Renfrewshire South,Household Reference Person is aged 50 to 64,Owned: Owned with a mortgage or loan,4793
Households,Paisley and Renfrewshire South,Household Reference Person is aged 50 to 64,Owned: Shared ownership (part owned and part rented),26
Households,Paisley and Renfrewshire South,Household Reference Person is aged 50 to 64,Owned: Shared Equity (e.g. LIFT or Help-to-Buy),22
Households,Paisley and Renfrewshire South,Household Reference Person is aged 50 to 64,Social Rented: Council (LA) or Housing Association/ Registered Social Landlord,3535
Households,Paisley and Renfrewshire South,Household Reference Person is aged 50 to 64,Private rented: Total,1068
Households,Paisley and Renfrewshire South,Household Reference Person is aged 50 to 64,Private rented: Private landlord or letting agency,1031
Households,Paisley and Renfrewshire South,Household Reference Person is aged 50 to 64,Private rented: Other,36
Households,Paisley and Renfrewshire South,Household Reference Person is aged 50 to 64,Lives Rent Free,92
Households,Paisley and Renfrewshire South,Household Reference Person is aged 65 and over,All Household Reference Persons aged 16 and over,12928
Households,Paisley and Renfrewshire South,Household Reference Person is aged 65 and over,Owned: Total,9263
Households,Paisley and Renfrewshire South,Household Reference Person is aged 65 and over,Owned: Owned outright,8329
Households,Paisley and Renfrewshire South,Household Reference Person is aged 65 and over,Owned: Owned with a mortgage or loan,871
Households,Paisley and Renfrewshire South,Household Reference Person is aged 65 and over,Owned: Shared ownership (part owned and part rented),15
Households,Paisley and Renfrewshire South,Household Reference Person is aged 65 and over,Owned: Shared Equity (e.g. LIFT or Help-to-Buy),50
Households,Paisley and Renfrewshire South,Household Reference Person is aged 65 and over,Social Rented: Council (LA) or Housing Association/ Registered Social Landlord,2997
Households,Paisley and Renfrewshire South,Household Reference Person is aged 65 and over,Private rented: Total,473
Households,Paisley and Renfrewshire South,Household Reference Person is aged 65 and over,Private rented: Private landlord or letting agency,434
Households,Paisley and Renfrewshire South,Household Reference Person is aged 65 and over,Private rented: Other,39
Households,Paisley and Renfrewshire South,Household Reference Person is aged 65 and over,Lives Rent Free,194
Households,Perth and Kinross-shire,All Household Reference Persons aged 16 and over,All Household Reference Persons aged 16 and over,47153
Households,Perth and Kinross-shire,All Household Reference Persons aged 16 and over,Owned: Total,31590
Households,Perth and Kinross-shire,All Household Reference Persons aged 16 and over,Owned: Owned outright,18032
Households,Perth and Kinross-shire,All Household Reference Persons aged 16 and over,Owned: Owned with a mortgage or loan,12718
Households,Perth and Kinross-shire,All Household Reference Persons aged 16 and over,Owned: Shared ownership (part owned and part rented),260
Households,Perth and Kinross-shire,All Household Reference Persons aged 16 and over,Owned: Shared Equity (e.g. LIFT or Help-to-Buy),580
Households,Perth and Kinross-shire,All Household Reference Persons aged 16 and over,Social Rented: Council (LA) or Housing Association/ Registered Social Landlord,8139
Households,Perth and Kinross-shire,All Household Reference Persons aged 16 and over,Private rented: Total,6602
Households,Perth and Kinross-shire,All Household Reference Persons aged 16 and over,Private rented: Private landlord or letting agency,6376
Households,Perth and Kinross-shire,All Household Reference Persons aged 16 and over,Private rented: Other,226
Households,Perth and Kinross-shire,All Household Reference Persons aged 16 and over,Lives Rent Free,822
Households,Perth and Kinross-shire,Household Reference Person ages 16 to 34,All Household Reference Persons aged 16 and over,6746
Households,Perth and Kinross-shire,Household Reference Person ages 16 to 34,Owned: Total,2766
Households,Perth and Kinross-shire,Household Reference Person ages 16 to 34,Owned: Owned outright,357
Households,Perth and Kinross-shire,Household Reference Person ages 16 to 34,Owned: Owned with a mortgage or loan,2128
Households,Perth and Kinross-shire,Household Reference Person ages 16 to 34,Owned: Shared ownership (part owned and part rented),26
Households,Perth and Kinross-shire,Household Reference Person ages 16 to 34,Owned: Shared Equity (e.g. LIFT or Help-to-Buy),255
Households,Perth and Kinross-shire,Household Reference Person ages 16 to 34,Social Rented: Council (LA) or Housing Association/ Registered Social Landlord,1602
Households,Perth and Kinross-shire,Household Reference Person ages 16 to 34,Private rented: Total,2244
Households,Perth and Kinross-shire,Household Reference Person ages 16 to 34,Private rented: Private landlord or letting agency,2186
Households,Perth and Kinross-shire,Household Reference Person ages 16 to 34,Private rented: Other,58
Households,Perth and Kinross-shire,Household Reference Person ages 16 to 34,Lives Rent Free,130
Households,Perth and Kinross-shire,Household Reference Person is aged 35 to 49,All Household Reference Persons aged 16 and over,10455
Households,Perth and Kinross-shire,Household Reference Person is aged 35 to 49,Owned: Total,6490
Households,Perth and Kinross-shire,Household Reference Person is aged 35 to 49,Owned: Owned outright,1043
Households,Perth and Kinross-shire,Household Reference Person is aged 35 to 49,Owned: Owned with a mortgage or loan,5157
Households,Perth and Kinross-shire,Household Reference Person is aged 35 to 49,Owned: Shared ownership (part owned and part rented),54
Households,Perth and Kinross-shire,Household Reference Person is aged 35 to 49,Owned: Shared Equity (e.g. LIFT or Help-to-Buy),237
Households,Perth and Kinross-shire,Household Reference Person is aged 35 to 49,Social Rented: Council (LA) or Housing Association/ Registered Social Landlord,1979
Households,Perth and Kinross-shire,Household Reference Person is aged 35 to 49,Private rented: Total,1809
Households,Perth and Kinross-shire,Household Reference Person is aged 35 to 49,Private rented: Private landlord or letting agency,1747
Households,Perth and Kinross-shire,Household Reference Person is aged 35 to 49,Private rented: Other,62
Households,Perth and Kinross-shire,Household Reference Person is aged 35 to 49,Lives Rent Free,177
Households,Perth and Kinross-shire,Household Reference Person is aged 50 to 64,All Household Reference Persons aged 16 and over,14214
Households,Perth and Kinross-shire,Household Reference Person is aged 50 to 64,Owned: Total,10263
Households,Perth and Kinross-shire,Household Reference Person is aged 50 to 64,Owned: Owned outright,5495
Households,Perth and Kinross-shire,Household Reference Person is aged 50 to 64,Owned: Owned with a mortgage or loan,4620
Households,Perth and Kinross-shire,Household Reference Person is aged 50 to 64,Owned: Shared ownership (part owned and part rented),108
Households,Perth and Kinross-shire,Household Reference Person is aged 50 to 64,Owned: Shared Equity (e.g. LIFT or Help-to-Buy),44
Households,Perth and Kinross-shire,Household Reference Person is aged 50 to 64,Social Rented: Council (LA) or Housing Association/ Registered Social Landlord,2217
Households,Perth and Kinross-shire,Household Reference Person is aged 50 to 64,Private rented: Total,1562
Households,Perth and Kinross-shire,Household Reference Person is aged 50 to 64,Private rented: Private landlord or letting agency,1506
Households,Perth and Kinross-shire,Household Reference Person is aged 50 to 64,Private rented: Other,54
Households,Perth and Kinross-shire,Household Reference Person is aged 50 to 64,Lives Rent Free,177
Households,Perth and Kinross-shire,Household Reference Person is aged 65 and over,All Household Reference Persons aged 16 and over,15732
Households,Perth and Kinross-shire,Household Reference Person is aged 65 and over,Owned: Total,12068
Households,Perth and Kinross-shire,Household Reference Person is aged 65 and over,Owned: Owned outright,11134
Households,Perth and Kinross-shire,Household Reference Person is aged 65 and over,Owned: Owned with a mortgage or loan,813
Households,Perth and Kinross-shire,Household Reference Person is aged 65 and over,Owned: Shared ownership (part owned and part rented),76
Households,Perth and Kinross-shire,Household Reference Person is aged 65 and over,Owned: Shared Equity (e.g. LIFT or Help-to-Buy),44
Households,Perth and Kinross-shire,Household Reference Person is aged 65 and over,Social Rented: Council (LA) or Housing Association/ Registered Social Landlord,2341
Households,Perth and Kinross-shire,Household Reference Person is aged 65 and over,Private rented: Total,990
Households,Perth and Kinross-shire,Household Reference Person is aged 65 and over,Private rented: Private landlord or letting agency,937
Households,Perth and Kinross-shire,Household Reference Person is aged 65 and over,Private rented: Other,52
Households,Perth and Kinross-shire,Household Reference Person is aged 65 and over,Lives Rent Free,333
Households,Rutherglen,All Household Reference Persons aged 16 and over,All Household Reference Persons aged 16 and over,42600
Households,Rutherglen,All Household Reference Persons aged 16 and over,Owned: Total,29117
Households,Rutherglen,All Household Reference Persons aged 16 and over,Owned: Owned outright,13875
Households,Rutherglen,All Household Reference Persons aged 16 and over,Owned: Owned with a mortgage or loan,14943
Households,Rutherglen,All Household Reference Persons aged 16 and over,Owned: Shared ownership (part owned and part rented),55
Households,Rutherglen,All Household Reference Persons aged 16 and over,Owned: Shared Equity (e.g. LIFT or Help-to-Buy),244
Households,Rutherglen,All Household Reference Persons aged 16 and over,Social Rented: Council (LA) or Housing Association/ Registered Social Landlord,9279
Households,Rutherglen,All Household Reference Persons aged 16 and over,Private rented: Total,3775
Households,Rutherglen,All Household Reference Persons aged 16 and over,Private rented: Private landlord or letting agency,3614
Households,Rutherglen,All Household Reference Persons aged 16 and over,Private rented: Other,161
Households,Rutherglen,All Household Reference Persons aged 16 and over,Lives Rent Free,432
Households,Rutherglen,Household Reference Person ages 16 to 34,All Household Reference Persons aged 16 and over,6122
Households,Rutherglen,Household Reference Person ages 16 to 34,Owned: Total,3270
Households,Rutherglen,Household Reference Person ages 16 to 34,Owned: Owned outright,336
Households,Rutherglen,Household Reference Person ages 16 to 34,Owned: Owned with a mortgage or loan,2835
Households,Rutherglen,Household Reference Person ages 16 to 34,Owned: Shared ownership (part owned and part rented),11
Households,Rutherglen,Household Reference Person ages 16 to 34,Owned: Shared Equity (e.g. LIFT or Help-to-Buy),88
Households,Rutherglen,Household Reference Person ages 16 to 34,Social Rented: Council (LA) or Housing Association/ Registered Social Landlord,1479
Households,Rutherglen,Household Reference Person ages 16 to 34,Private rented: Total,1313
Households,Rutherglen,Household Reference Person ages 16 to 34,Private rented: Private landlord or letting agency,1278
Households,Rutherglen,Household Reference Person ages 16 to 34,Private rented: Other,35
Households,Rutherglen,Household Reference Person ages 16 to 34,Lives Rent Free,60
Households,Rutherglen,Household Reference Person is aged 35 to 49,All Household Reference Persons aged 16 and over,11105
Households,Rutherglen,Household Reference Person is aged 35 to 49,Owned: Total,7512
Households,Rutherglen,Household Reference Person is aged 35 to 49,Owned: Owned outright,861
Households,Rutherglen,Household Reference Person is aged 35 to 49,Owned: Owned with a mortgage or loan,6549
Households,Rutherglen,Household Reference Person is aged 35 to 49,Owned: Shared ownership (part owned and part rented),15
Households,Rutherglen,Household Reference Person is aged 35 to 49,Owned: Shared Equity (e.g. LIFT or Help-to-Buy),97
Households,Rutherglen,Household Reference Person is aged 35 to 49,Social Rented: Council (LA) or Housing Association/ Registered Social Landlord,2232
Households,Rutherglen,Household Reference Person is aged 35 to 49,Private rented: Total,1287
Households,Rutherglen,Household Reference Person is aged 35 to 49,Private rented: Private landlord or letting agency,1239
Households,Rutherglen,Household Reference Person is aged 35 to 49,Private rented: Other,44
Households,Rutherglen,Household Reference Person is aged 35 to 49,Lives Rent Free,71
Households,Rutherglen,Household Reference Person is aged 50 to 64,All Household Reference Persons aged 16 and over,12928
Households,Rutherglen,Household Reference Person is aged 50 to 64,Owned: Total,9191
Households,Rutherglen,Household Reference Person is aged 50 to 64,Owned: Owned outright,4389
Households,Rutherglen,Household Reference Person is aged 50 to 64,Owned: Owned with a mortgage or loan,4776
Households,Rutherglen,Household Reference Person is aged 50 to 64,Owned: Shared ownership (part owned and part rented),16
Households,Rutherglen,Household Reference Person is aged 50 to 64,Owned: Shared Equity (e.g. LIFT or Help-to-Buy),11
Households,Rutherglen,Household Reference Person is aged 50 to 64,Social Rented: Council (LA) or Housing Association/ Registered Social Landlord,2891
Households,Rutherglen,Household Reference Person is aged 50 to 64,Private rented: Total,750
Households,Rutherglen,Household Reference Person is aged 50 to 64,Private rented: Private landlord or letting agency,722
Households,Rutherglen,Household Reference Person is aged 50 to 64,Private rented: Other,24
Households,Rutherglen,Household Reference Person is aged 50 to 64,Lives Rent Free,96
Households,Rutherglen,Household Reference Person is aged 65 and over,All Household Reference Persons aged 16 and over,12445
Households,Rutherglen,Household Reference Person is aged 65 and over,Owned: Total,9141
Households,Rutherglen,Household Reference Person is aged 65 and over,Owned: Owned outright,8289
Households,Rutherglen,Household Reference Person is aged 65 and over,Owned: Owned with a mortgage or loan,785
Households,Rutherglen,Household Reference Person is aged 65 and over,Owned: Shared ownership (part owned and part rented),17
Households,Rutherglen,Household Reference Person is aged 65 and over,Owned: Shared Equity (e.g. LIFT or Help-to-Buy),50
Households,Rutherglen,Household Reference Person is aged 65 and over,Social Rented: Council (LA) or Housing Association/ Registered Social Landlord,2674
Households,Rutherglen,Household Reference Person is aged 65 and over,Private rented: Total,425
Households,Rutherglen,Household Reference Person is aged 65 and over,Private rented: Private landlord or letting agency,371
Households,Rutherglen,Household Reference Person is aged 65 and over,Private rented: Other,54
Households,Rutherglen,Household Reference Person is aged 65 and over,Lives Rent Free,209
Households,Stirling and Strathallan,All Household Reference Persons aged 16 and over,All Household Reference Persons aged 16 and over,44517
Households,Stirling and Strathallan,All Household Reference Persons aged 16 and over,Owned: Total,30005
Households,Stirling and Strathallan,All Household Reference Persons aged 16 and over,Owned: Owned outright,16825
Households,Stirling and Strathallan,All Household Reference Persons aged 16 and over,Owned: Owned with a mortgage or loan,12855
Households,Stirling and Strathallan,All Household Reference Persons aged 16 and over,Owned: Shared ownership (part owned and part rented),78
Households,Stirling and Strathallan,All Household Reference Persons aged 16 and over,Owned: Shared Equity (e.g. LIFT or Help-to-Buy),247
Households,Stirling and Strathallan,All Household Reference Persons aged 16 and over,Social Rented: Council (LA) or Housing Association/ Registered Social Landlord,8198
Households,Stirling and Strathallan,All Household Reference Persons aged 16 and over,Private rented: Total,5593
Households,Stirling and Strathallan,All Household Reference Persons aged 16 and over,Private rented: Private landlord or letting agency,5389
Households,Stirling and Strathallan,All Household Reference Persons aged 16 and over,Private rented: Other,203
Households,Stirling and Strathallan,All Household Reference Persons aged 16 and over,Lives Rent Free,721
Households,Stirling and Strathallan,Household Reference Person ages 16 to 34,All Household Reference Persons aged 16 and over,6773
Households,Stirling and Strathallan,Household Reference Person ages 16 to 34,Owned: Total,2571
Households,Stirling and Strathallan,Household Reference Person ages 16 to 34,Owned: Owned outright,490
Households,Stirling and Strathallan,Household Reference Person ages 16 to 34,Owned: Owned with a mortgage or loan,1985
Households,Stirling and Strathallan,Household Reference Person ages 16 to 34,Owned: Shared ownership (part owned and part rented),23
Households,Stirling and Strathallan,Household Reference Person ages 16 to 34,Owned: Shared Equity (e.g. LIFT or Help-to-Buy),73
Households,Stirling and Strathallan,Household Reference Person ages 16 to 34,Social Rented: Council (LA) or Housing Association/ Registered Social Landlord,1475
Households,Stirling and Strathallan,Household Reference Person ages 16 to 34,Private rented: Total,2599
Households,Stirling and Strathallan,Household Reference Person ages 16 to 34,Private rented: Private landlord or letting agency,2547
Households,Stirling and Strathallan,Household Reference Person ages 16 to 34,Private rented: Other,51
Households,Stirling and Strathallan,Household Reference Person ages 16 to 34,Lives Rent Free,128
Households,Stirling and Strathallan,Household Reference Person is aged 35 to 49,All Household Reference Persons aged 16 and over,9844
Households,Stirling and Strathallan,Household Reference Person is aged 35 to 49,Owned: Total,6301
Households,Stirling and Strathallan,Household Reference Person is aged 35 to 49,Owned: Owned outright,1022
Households,Stirling and Strathallan,Household Reference Person is aged 35 to 49,Owned: Owned with a mortgage or loan,5177
Households,Stirling and Strathallan,Household Reference Person is aged 35 to 49,Owned: Shared ownership (part owned and part rented),12
Households,Stirling and Strathallan,Household Reference Person is aged 35 to 49,Owned: Shared Equity (e.g. LIFT or Help-to-Buy),87
Households,Stirling and Strathallan,Household Reference Person is aged 35 to 49,Social Rented: Council (LA) or Housing Association/ Registered Social Landlord,2065
Households,Stirling and Strathallan,Household Reference Person is aged 35 to 49,Private rented: Total,1367
Households,Stirling and Strathallan,Household Reference Person is aged 35 to 49,Private rented: Private landlord or letting agency,1328
Households,Stirling and Strathallan,Household Reference Person is aged 35 to 49,Private rented: Other,41
Households,Stirling and Strathallan,Household Reference Person is aged 35 to 49,Lives Rent Free,108
Households,Stirling and Strathallan,Household Reference Person is aged 50 to 64,All Household Reference Persons aged 16 and over,13881
Households,Stirling and Strathallan,Household Reference Person is aged 50 to 64,Owned: Total,10162
Households,Stirling and Strathallan,Household Reference Person is aged 50 to 64,Owned: Owned outright,5273
Households,Stirling and Strathallan,Household Reference Person is aged 50 to 64,Owned: Owned with a mortgage or loan,4841
Households,Stirling and Strathallan,Household Reference Person is aged 50 to 64,Owned: Shared ownership (part owned and part rented),17
Households,Stirling and Strathallan,Household Reference Person is aged 50 to 64,Owned: Shared Equity (e.g. LIFT or Help-to-Buy),32
Households,Stirling and Strathallan,Household Reference Person is aged 50 to 64,Social Rented: Council (LA) or Housing Association/ Registered Social Landlord,2511
Households,Stirling and Strathallan,Household Reference Person is aged 50 to 64,Private rented: Total,1046
Households,Stirling and Strathallan,Household Reference Person is aged 50 to 64,Private rented: Private landlord or letting agency,986
Households,Stirling and Strathallan,Household Reference Person is aged 50 to 64,Private rented: Other,56
Households,Stirling and Strathallan,Household Reference Person is aged 50 to 64,Lives Rent Free,170
Households,Stirling and Strathallan,Household Reference Person is aged 65 and over,All Household Reference Persons aged 16 and over,14019
Households,Stirling and Strathallan,Household Reference Person is aged 65 and over,Owned: Total,10971
Households,Stirling and Strathallan,Household Reference Person is aged 65 and over,Owned: Owned outright,10043
Households,Stirling and Strathallan,Household Reference Person is aged 65 and over,Owned: Owned with a mortgage or loan,847
Households,Stirling and Strathallan,Household Reference Person is aged 65 and over,Owned: Shared ownership (part owned and part rented),26
Households,Stirling and Strathallan,Household Reference Person is aged 65 and over,Owned: Shared Equity (e.g. LIFT or Help-to-Buy),55
Households,Stirling and Strathallan,Household Reference Person is aged 65 and over,Social Rented: Council (LA) or Housing Association/ Registered Social Landlord,2147
Households,Stirling and Strathallan,Household Reference Person is aged 65 and over,Private rented: Total,583
Households,Stirling and Strathallan,Household Reference Person is aged 65 and over,Private rented: Private landlord or letting agency,528
Households,Stirling and Strathallan,Household Reference Person is aged 65 and over,Private rented: Other,55
Households,Stirling and Strathallan,Household Reference Person is aged 65 and over,Lives Rent Free,318
Households,West Dunbartonshire,All Household Reference Persons aged 16 and over,All Household Reference Persons aged 16 and over,43878
Households,West Dunbartonshire,All Household Reference Persons aged 16 and over,Owned: Total,25085
Households,West Dunbartonshire,All Household Reference Persons aged 16 and over,Owned: Owned outright,13089
Households,West Dunbartonshire,All Household Reference Persons aged 16 and over,Owned: Owned with a mortgage or loan,11752
Households,West Dunbartonshire,All Household Reference Persons aged 16 and over,Owned: Shared ownership (part owned and part rented),109
Households,West Dunbartonshire,All Household Reference Persons aged 16 and over,Owned: Shared Equity (e.g. LIFT or Help-to-Buy),132
Households,West Dunbartonshire,All Household Reference Persons aged 16 and over,Social Rented: Council (LA) or Housing Association/ Registered Social Landlord,14774
Households,West Dunbartonshire,All Household Reference Persons aged 16 and over,Private rented: Total,3556
Households,West Dunbartonshire,All Household Reference Persons aged 16 and over,Private rented: Private landlord or letting agency,3401
Households,West Dunbartonshire,All Household Reference Persons aged 16 and over,Private rented: Other,157
Households,West Dunbartonshire,All Household Reference Persons aged 16 and over,Lives Rent Free,459
Households,West Dunbartonshire,Household Reference Person ages 16 to 34,All Household Reference Persons aged 16 and over,6828
Households,West Dunbartonshire,Household Reference Person ages 16 to 34,Owned: Total,2635
Households,West Dunbartonshire,Household Reference Person ages 16 to 34,Owned: Owned outright,310
Households,West Dunbartonshire,Household Reference Person ages 16 to 34,Owned: Owned with a mortgage or loan,2290
Households,West Dunbartonshire,Household Reference Person ages 16 to 34,Owned: Shared ownership (part owned and part rented),10
Households,West Dunbartonshire,Household Reference Person ages 16 to 34,Owned: Shared Equity (e.g. LIFT or Help-to-Buy),24
Households,West Dunbartonshire,Household Reference Person ages 16 to 34,Social Rented: Council (LA) or Housing Association/ Registered Social Landlord,2862
Households,West Dunbartonshire,Household Reference Person ages 16 to 34,Private rented: Total,1253
Households,West Dunbartonshire,Household Reference Person ages 16 to 34,Private rented: Private landlord or letting agency,1212
Households,West Dunbartonshire,Household Reference Person ages 16 to 34,Private rented: Other,41
Households,West Dunbartonshire,Household Reference Person ages 16 to 34,Lives Rent Free,76
Households,West Dunbartonshire,Household Reference Person is aged 35 to 49,All Household Reference Persons aged 16 and over,10237
Households,West Dunbartonshire,Household Reference Person is aged 35 to 49,Owned: Total,5346
Households,West Dunbartonshire,Household Reference Person is aged 35 to 49,Owned: Owned outright,760
Households,West Dunbartonshire,Household Reference Person is aged 35 to 49,Owned: Owned with a mortgage or loan,4497
Households,West Dunbartonshire,Household Reference Person is aged 35 to 49,Owned: Shared ownership (part owned and part rented),26
Households,West Dunbartonshire,Household Reference Person is aged 35 to 49,Owned: Shared Equity (e.g. LIFT or Help-to-Buy),63
Households,West Dunbartonshire,Household Reference Person is aged 35 to 49,Social Rented: Council (LA) or Housing Association/ Registered Social Landlord,3765
Households,West Dunbartonshire,Household Reference Person is aged 35 to 49,Private rented: Total,1066
Households,West Dunbartonshire,Household Reference Person is aged 35 to 49,Private rented: Private landlord or letting agency,1036
Households,West Dunbartonshire,Household Reference Person is aged 35 to 49,Private rented: Other,30
Households,West Dunbartonshire,Household Reference Person is aged 35 to 49,Lives Rent Free,60
Households,West Dunbartonshire,Household Reference Person is aged 50 to 64,All Household Reference Persons aged 16 and over,14064
Households,West Dunbartonshire,Household Reference Person is aged 50 to 64,Owned: Total,8698
Households,West Dunbartonshire,Household Reference Person is aged 50 to 64,Owned: Owned outright,4463
Households,West Dunbartonshire,Household Reference Person is aged 50 to 64,Owned: Owned with a mortgage or loan,4179
Households,West Dunbartonshire,Household Reference Person is aged 50 to 64,Owned: Shared ownership (part owned and part rented),41
Households,West Dunbartonshire,Household Reference Person is aged 50 to 64,Owned: Shared Equity (e.g. LIFT or Help-to-Buy),19
Households,West Dunbartonshire,Household Reference Person is aged 50 to 64,Social Rented: Council (LA) or Housing Association/ Registered Social Landlord,4470
Households,West Dunbartonshire,Household Reference Person is aged 50 to 64,Private rented: Total,787
Households,West Dunbartonshire,Household Reference Person is aged 50 to 64,Private rented: Private landlord or letting agency,756
Households,West Dunbartonshire,Household Reference Person is aged 50 to 64,Private rented: Other,31
Households,West Dunbartonshire,Household Reference Person is aged 50 to 64,Lives Rent Free,105
Households,West Dunbartonshire,Household Reference Person is aged 65 and over,All Household Reference Persons aged 16 and over,12749
Households,West Dunbartonshire,Household Reference Person is aged 65 and over,Owned: Total,8403
Households,West Dunbartonshire,Household Reference Person is aged 65 and over,Owned: Owned outright,7555
Households,West Dunbartonshire,Household Reference Person is aged 65 and over,Owned: Owned with a mortgage or loan,787
Households,West Dunbartonshire,Household Reference Person is aged 65 and over,Owned: Shared ownership (part owned and part rented),38
Households,West Dunbartonshire,Household Reference Person is aged 65 and over,Owned: Shared Equity (e.g. LIFT or Help-to-Buy),25
Households,West Dunbartonshire,Household Reference Person is aged 65 and over,Social Rented: Council (LA) or Housing Association/ Registered Social Landlord,3678
Households,West Dunbartonshire,Household Reference Person is aged 65 and over,Private rented: Total,450
Households,West Dunbartonshire,Household Reference Person is aged 65 and over,Private rented: Private landlord or letting agency,397
Households,West Dunbartonshire,Household Reference Person is aged 65 and over,Private rented: Other,53
Households,West Dunbartonshire,Household Reference Person is aged 65 and over,Lives Rent Free,218
Households,"Ayr, Carrick and Cumnock",All Household Reference Persons aged 16 and over,All Household Reference Persons aged 16 and over,42378
Households,"Ayr, Carrick and Cumnock",All Household Reference Persons aged 16 and over,Owned: Total,27419
Households,"Ayr, Carrick and Cumnock",All Household Reference Persons aged 16 and over,Owned: Owned outright,16640
Households,"Ayr, Carrick and Cumnock",All Household Reference Persons aged 16 and over,Owned: Owned with a mortgage or loan,10625
Households,"Ayr, Carrick and Cumnock",All Household Reference Persons aged 16 and over,Owned: Shared ownership (part owned and part rented),51
Households,"Ayr, Carrick and Cumnock",All Household Reference Persons aged 16 and over,Owned: Shared Equity (e.g. LIFT or Help-to-Buy),106
Households,"Ayr, Carrick and Cumnock",All Household Reference Persons aged 16 and over,Social Rented: Council (LA) or Housing Association/ Registered Social Landlord,9812
Households,"Ayr, Carrick and Cumnock",All Household Reference Persons aged 16 and over,Private rented: Total,4460
Households,"Ayr, Carrick and Cumnock",All Household Reference Persons aged 16 and over,Private rented: Private landlord or letting agency,4332
Households,"Ayr, Carrick and Cumnock",All Household Reference Persons aged 16 and over,Private rented: Other,128
Households,"Ayr, Carrick and Cumnock",All Household Reference Persons aged 16 and over,Lives Rent Free,684
Households,"Ayr, Carrick and Cumnock",Household Reference Person ages 16 to 34,All Household Reference Persons aged 16 and over,5378
Households,"Ayr, Carrick and Cumnock",Household Reference Person ages 16 to 34,Owned: Total,2006
Households,"Ayr, Carrick and Cumnock",Household Reference Person ages 16 to 34,Owned: Owned outright,306
Households,"Ayr, Carrick and Cumnock",Household Reference Person ages 16 to 34,Owned: Owned with a mortgage or loan,1670
Households,"Ayr, Carrick and Cumnock",Household Reference Person ages 16 to 34,Owned: Shared ownership (part owned and part rented),9
Households,"Ayr, Carrick and Cumnock",Household Reference Person ages 16 to 34,Owned: Shared Equity (e.g. LIFT or Help-to-Buy),21
Households,"Ayr, Carrick and Cumnock",Household Reference Person ages 16 to 34,Social Rented: Council (LA) or Housing Association/ Registered Social Landlord,1858
Households,"Ayr, Carrick and Cumnock",Household Reference Person ages 16 to 34,Private rented: Total,1409
Households,"Ayr, Carrick and Cumnock",Household Reference Person ages 16 to 34,Private rented: Private landlord or letting agency,1382
Households,"Ayr, Carrick and Cumnock",Household Reference Person ages 16 to 34,Private rented: Other,27
Households,"Ayr, Carrick and Cumnock",Household Reference Person ages 16 to 34,Lives Rent Free,105
Households,"Ayr, Carrick and Cumnock",Household Reference Person is aged 35 to 49,All Household Reference Persons aged 16 and over,8736
Households,"Ayr, Carrick and Cumnock",Household Reference Person is aged 35 to 49,Owned: Total,4946
Households,"Ayr, Carrick and Cumnock",Household Reference Person is aged 35 to 49,Owned: Owned outright,911
Households,"Ayr, Carrick and Cumnock",Household Reference Person is aged 35 to 49,Owned: Owned with a mortgage or loan,4003
Households,"Ayr, Carrick and Cumnock",Household Reference Person is aged 35 to 49,Owned: Shared ownership (part owned and part rented),7
Households,"Ayr, Carrick and Cumnock",Household Reference Person is aged 35 to 49,Owned: Shared Equity (e.g. LIFT or Help-to-Buy),24
Households,"Ayr, Carrick and Cumnock",Household Reference Person is aged 35 to 49,Social Rented: Council (LA) or Housing Association/ Registered Social Landlord,2347
Households,"Ayr, Carrick and Cumnock",Household Reference Person is aged 35 to 49,Private rented: Total,1337
Households,"Ayr, Carrick and Cumnock",Household Reference Person is aged 35 to 49,Private rented: Private landlord or letting agency,1297
Households,"Ayr, Carrick and Cumnock",Household Reference Person is aged 35 to 49,Private rented: Other,40
Households,"Ayr, Carrick and Cumnock",Household Reference Person is aged 35 to 49,Lives Rent Free,109
Households,"Ayr, Carrick and Cumnock",Household Reference Person is aged 50 to 64,All Household Reference Persons aged 16 and over,13231
Households,"Ayr, Carrick and Cumnock",Household Reference Person is aged 50 to 64,Owned: Total,9021
Households,"Ayr, Carrick and Cumnock",Household Reference Person is aged 50 to 64,Owned: Owned outright,4999
Households,"Ayr, Carrick and Cumnock",Household Reference Person is aged 50 to 64,Owned: Owned with a mortgage or loan,4006
Households,"Ayr, Carrick and Cumnock",Household Reference Person is aged 50 to 64,Owned: Shared ownership (part owned and part rented),12
Households,"Ayr, Carrick and Cumnock",Household Reference Person is aged 50 to 64,Owned: Shared Equity (e.g. LIFT or Help-to-Buy),10
Households,"Ayr, Carrick and Cumnock",Household Reference Person is aged 50 to 64,Social Rented: Council (LA) or Housing Association/ Registered Social Landlord,3028
Households,"Ayr, Carrick and Cumnock",Household Reference Person is aged 50 to 64,Private rented: Total,1042
Households,"Ayr, Carrick and Cumnock",Household Reference Person is aged 50 to 64,Private rented: Private landlord or letting agency,1022
Households,"Ayr, Carrick and Cumnock",Household Reference Person is aged 50 to 64,Private rented: Other,20
Households,"Ayr, Carrick and Cumnock",Household Reference Person is aged 50 to 64,Lives Rent Free,139
Households,"Ayr, Carrick and Cumnock",Household Reference Person is aged 65 and over,All Household Reference Persons aged 16 and over,15036
Households,"Ayr, Carrick and Cumnock",Household Reference Person is aged 65 and over,Owned: Total,11447
Households,"Ayr, Carrick and Cumnock",Household Reference Person is aged 65 and over,Owned: Owned outright,10424
Households,"Ayr, Carrick and Cumnock",Household Reference Person is aged 65 and over,Owned: Owned with a mortgage or loan,950
Households,"Ayr, Carrick and Cumnock",Household Reference Person is aged 65 and over,Owned: Shared ownership (part owned and part rented),23
Households,"Ayr, Carrick and Cumnock",Household Reference Person is aged 65 and over,Owned: Shared Equity (e.g. LIFT or Help-to-Buy),50
Households,"Ayr, Carrick and Cumnock",Household Reference Person is aged 65 and over,Social Rented: Council (LA) or Housing Association/ Registered Social Landlord,2582
Households,"Ayr, Carrick and Cumnock",Household Reference Person is aged 65 and over,Private rented: Total,672
Households,"Ayr, Carrick and Cumnock",Household Reference Person is aged 65 and over,Private rented: Private landlord or letting agency,631
Households,"Ayr, Carrick and Cumnock",Household Reference Person is aged 65 and over,Private rented: Other,41
Households,"Ayr, Carrick and Cumnock",Household Reference Person is aged 65 and over,Lives Rent Free,335
Households,"Berwickshire, Roxburgh and Selkirk",All Household Reference Persons aged 16 and over,All Household Reference Persons aged 16 and over,46321
Households,"Berwickshire, Roxburgh and Selkirk",All Household Reference Persons aged 16 and over,Owned: Total,28360
Households,"Berwickshire, Roxburgh and Selkirk",All Household Reference Persons aged 16 and over,Owned: Owned outright,18117
Households,"Berwickshire, Roxburgh and Selkirk",All Household Reference Persons aged 16 and over,Owned: Owned with a mortgage or loan,9977
Households,"Berwickshire, Roxburgh and Selkirk",All Household Reference Persons aged 16 and over,Owned: Shared ownership (part owned and part rented),98
Households,"Berwickshire, Roxburgh and Selkirk",All Household Reference Persons aged 16 and over,Owned: Shared Equity (e.g. LIFT or Help-to-Buy),165
Households,"Berwickshire, Roxburgh and Selkirk",All Household Reference Persons aged 16 and over,Social Rented: Council (LA) or Housing Association/ Registered Social Landlord,10157
Households,"Berwickshire, Roxburgh and Selkirk",All Household Reference Persons aged 16 and over,Private rented: Total,6596
Households,"Berwickshire, Roxburgh and Selkirk",All Household Reference Persons aged 16 and over,Private rented: Private landlord or letting agency,6411
Households,"Berwickshire, Roxburgh and Selkirk",All Household Reference Persons aged 16 and over,Private rented: Other,188
Households,"Berwickshire, Roxburgh and Selkirk",All Household Reference Persons aged 16 and over,Lives Rent Free,1208
Households,"Berwickshire, Roxburgh and Selkirk",Household Reference Person ages 16 to 34,All Household Reference Persons aged 16 and over,5839
Households,"Berwickshire, Roxburgh and Selkirk",Household Reference Person ages 16 to 34,Owned: Total,2006
Households,"Berwickshire, Roxburgh and Selkirk",Household Reference Person ages 16 to 34,Owned: Owned outright,331
Households,"Berwickshire, Roxburgh and Selkirk",Household Reference Person ages 16 to 34,Owned: Owned with a mortgage or loan,1632
Households,"Berwickshire, Roxburgh and Selkirk",Household Reference Person ages 16 to 34,Owned: Shared ownership (part owned and part rented),10
Households,"Berwickshire, Roxburgh and Selkirk",Household Reference Person ages 16 to 34,Owned: Shared Equity (e.g. LIFT or Help-to-Buy),33
Households,"Berwickshire, Roxburgh and Selkirk",Household Reference Person ages 16 to 34,Social Rented: Council (LA) or Housing Association/ Registered Social Landlord,2029
Households,"Berwickshire, Roxburgh and Selkirk",Household Reference Person ages 16 to 34,Private rented: Total,1634
Households,"Berwickshire, Roxburgh and Selkirk",Household Reference Person ages 16 to 34,Private rented: Private landlord or letting agency,1588
Households,"Berwickshire, Roxburgh and Selkirk",Household Reference Person ages 16 to 34,Private rented: Other,42
Households,"Berwickshire, Roxburgh and Selkirk",Household Reference Person ages 16 to 34,Lives Rent Free,174
Households,"Berwickshire, Roxburgh and Selkirk",Household Reference Person is aged 35 to 49,All Household Reference Persons aged 16 and over,8884
Households,"Berwickshire, Roxburgh and Selkirk",Household Reference Person is aged 35 to 49,Owned: Total,4709
Households,"Berwickshire, Roxburgh and Selkirk",Household Reference Person is aged 35 to 49,Owned: Owned outright,990
Households,"Berwickshire, Roxburgh and Selkirk",Household Reference Person is aged 35 to 49,Owned: Owned with a mortgage or loan,3641
Households,"Berwickshire, Roxburgh and Selkirk",Household Reference Person is aged 35 to 49,Owned: Shared ownership (part owned and part rented),18
Households,"Berwickshire, Roxburgh and Selkirk",Household Reference Person is aged 35 to 49,Owned: Shared Equity (e.g. LIFT or Help-to-Buy),64
Households,"Berwickshire, Roxburgh and Selkirk",Household Reference Person is aged 35 to 49,Social Rented: Council (LA) or Housing Association/ Registered Social Landlord,2396
Households,"Berwickshire, Roxburgh and Selkirk",Household Reference Person is aged 35 to 49,Private rented: Total,1568
Households,"Berwickshire, Roxburgh and Selkirk",Household Reference Person is aged 35 to 49,Private rented: Private landlord or letting agency,1533
Households,"Berwickshire, Roxburgh and Selkirk",Household Reference Person is aged 35 to 49,Private rented: Other,35
Households,"Berwickshire, Roxburgh and Selkirk",Household Reference Person is aged 35 to 49,Lives Rent Free,211
Households,"Berwickshire, Roxburgh and Selkirk",Household Reference Person is aged 50 to 64,All Household Reference Persons aged 16 and over,14597
Households,"Berwickshire, Roxburgh and Selkirk",Household Reference Person is aged 50 to 64,Owned: Total,9592
Households,"Berwickshire, Roxburgh and Selkirk",Household Reference Person is aged 50 to 64,Owned: Owned outright,5586
Households,"Berwickshire, Roxburgh and Selkirk",Household Reference Person is aged 50 to 64,Owned: Owned with a mortgage or loan,3952
Households,"Berwickshire, Roxburgh and Selkirk",Household Reference Person is aged 50 to 64,Owned: Shared ownership (part owned and part rented),33
Households,"Berwickshire, Roxburgh and Selkirk",Household Reference Person is aged 50 to 64,Owned: Shared Equity (e.g. LIFT or Help-to-Buy),21
Households,"Berwickshire, Roxburgh and Selkirk",Household Reference Person is aged 50 to 64,Social Rented: Council (LA) or Housing Association/ Registered Social Landlord,2823
Households,"Berwickshire, Roxburgh and Selkirk",Household Reference Person is aged 50 to 64,Private rented: Total,1896
Households,"Berwickshire, Roxburgh and Selkirk",Household Reference Person is aged 50 to 64,Private rented: Private landlord or letting agency,1846
Households,"Berwickshire, Roxburgh and Selkirk",Household Reference Person is aged 50 to 64,Private rented: Other,50
Households,"Berwickshire, Roxburgh and Selkirk",Household Reference Person is aged 50 to 64,Lives Rent Free,288
Households,"Berwickshire, Roxburgh and Selkirk",Household Reference Person is aged 65 and over,All Household Reference Persons aged 16 and over,17001
Households,"Berwickshire, Roxburgh and Selkirk",Household Reference Person is aged 65 and over,Owned: Total,12057
Households,"Berwickshire, Roxburgh and Selkirk",Household Reference Person is aged 65 and over,Owned: Owned outright,11212
Households,"Berwickshire, Roxburgh and Selkirk",Household Reference Person is aged 65 and over,Owned: Owned with a mortgage or loan,755
Households,"Berwickshire, Roxburgh and Selkirk",Household Reference Person is aged 65 and over,Owned: Shared ownership (part owned and part rented),37
Households,"Berwickshire, Roxburgh and Selkirk",Household Reference Person is aged 65 and over,Owned: Shared Equity (e.g. LIFT or Help-to-Buy),50
Households,"Berwickshire, Roxburgh and Selkirk",Household Reference Person is aged 65 and over,Social Rented: Council (LA) or Housing Association/ Registered Social Landlord,2909
Households,"Berwickshire, Roxburgh and Selkirk",Household Reference Person is aged 65 and over,Private rented: Total,1498
Households,"Berwickshire, Roxburgh and Selkirk",Household Reference Person is aged 65 and over,Private rented: Private landlord or letting agency,1437
Households,"Berwickshire, Roxburgh and Selkirk",Household Reference Person is aged 65 and over,Private rented: Other,61
Households,"Berwickshire, Roxburgh and Selkirk",Household Reference Person is aged 65 and over,Lives Rent Free,538
Households,Central Ayrshire,All Household Reference Persons aged 16 and over,All Household Reference Persons aged 16 and over,41117
Households,Central Ayrshire,All Household Reference Persons aged 16 and over,Owned: Total,27441
Households,Central Ayrshire,All Household Reference Persons aged 16 and over,Owned: Owned outright,15491
Households,Central Ayrshire,All Household Reference Persons aged 16 and over,Owned: Owned with a mortgage or loan,11756
Households,Central Ayrshire,All Household Reference Persons aged 16 and over,Owned: Shared ownership (part owned and part rented),62
Households,Central Ayrshire,All Household Reference Persons aged 16 and over,Owned: Shared Equity (e.g. LIFT or Help-to-Buy),132
Households,Central Ayrshire,All Household Reference Persons aged 16 and over,Social Rented: Council (LA) or Housing Association/ Registered Social Landlord,9048
Households,Central Ayrshire,All Household Reference Persons aged 16 and over,Private rented: Total,4097
Households,Central Ayrshire,All Household Reference Persons aged 16 and over,Private rented: Private landlord or letting agency,3981
Households,Central Ayrshire,All Household Reference Persons aged 16 and over,Private rented: Other,116
Households,Central Ayrshire,All Household Reference Persons aged 16 and over,Lives Rent Free,531
Households,Central Ayrshire,Household Reference Person ages 16 to 34,All Household Reference Persons aged 16 and over,5221
Households,Central Ayrshire,Household Reference Person ages 16 to 34,Owned: Total,2393
Households,Central Ayrshire,Household Reference Person ages 16 to 34,Owned: Owned outright,282
Households,Central Ayrshire,Household Reference Person ages 16 to 34,Owned: Owned with a mortgage or loan,2060
Households,Central Ayrshire,Household Reference Person ages 16 to 34,Owned: Shared ownership (part owned and part rented),6
Households,Central Ayrshire,Household Reference Person ages 16 to 34,Owned: Shared Equity (e.g. LIFT or Help-to-Buy),44
Households,Central Ayrshire,Household Reference Person ages 16 to 34,Social Rented: Council (LA) or Housing Association/ Registered Social Landlord,1487
Households,Central Ayrshire,Household Reference Person ages 16 to 34,Private rented: Total,1256
Households,Central Ayrshire,Household Reference Person ages 16 to 34,Private rented: Private landlord or letting agency,1230
Households,Central Ayrshire,Household Reference Person ages 16 to 34,Private rented: Other,23
Households,Central Ayrshire,Household Reference Person ages 16 to 34,Lives Rent Free,85
Households,Central Ayrshire,Household Reference Person is aged 35 to 49,All Household Reference Persons aged 16 and over,8764
Households,Central Ayrshire,Household Reference Person is aged 35 to 49,Owned: Total,5323
Households,Central Ayrshire,Household Reference Person is aged 35 to 49,Owned: Owned outright,841
Households,Central Ayrshire,Household Reference Person is aged 35 to 49,Owned: Owned with a mortgage or loan,4440
Households,Central Ayrshire,Household Reference Person is aged 35 to 49,Owned: Shared ownership (part owned and part rented),5
Households,Central Ayrshire,Household Reference Person is aged 35 to 49,Owned: Shared Equity (e.g. LIFT or Help-to-Buy),35
Households,Central Ayrshire,Household Reference Person is aged 35 to 49,Social Rented: Council (LA) or Housing Association/ Registered Social Landlord,2153
Households,Central Ayrshire,Household Reference Person is aged 35 to 49,Private rented: Total,1212
Households,Central Ayrshire,Household Reference Person is aged 35 to 49,Private rented: Private landlord or letting agency,1179
Households,Central Ayrshire,Household Reference Person is aged 35 to 49,Private rented: Other,30
Households,Central Ayrshire,Household Reference Person is aged 35 to 49,Lives Rent Free,79
Households,Central Ayrshire,Household Reference Person is aged 50 to 64,All Household Reference Persons aged 16 and over,13064
Households,Central Ayrshire,Household Reference Person is aged 50 to 64,Owned: Total,9204
Households,Central Ayrshire,Household Reference Person is aged 50 to 64,Owned: Owned outright,4818
Households,Central Ayrshire,Household Reference Person is aged 50 to 64,Owned: Owned with a mortgage or loan,4351
Households,Central Ayrshire,Household Reference Person is aged 50 to 64,Owned: Shared ownership (part owned and part rented),20
Households,Central Ayrshire,Household Reference Person is aged 50 to 64,Owned: Shared Equity (e.g. LIFT or Help-to-Buy),9
Households,Central Ayrshire,Household Reference Person is aged 50 to 64,Social Rented: Council (LA) or Housing Association/ Registered Social Landlord,2721
Households,Central Ayrshire,Household Reference Person is aged 50 to 64,Private rented: Total,1050
Households,Central Ayrshire,Household Reference Person is aged 50 to 64,Private rented: Private landlord or letting agency,1018
Households,Central Ayrshire,Household Reference Person is aged 50 to 64,Private rented: Other,30
Households,Central Ayrshire,Household Reference Person is aged 50 to 64,Lives Rent Free,97
Households,Central Ayrshire,Household Reference Person is aged 65 and over,All Household Reference Persons aged 16 and over,14065
Households,Central Ayrshire,Household Reference Person is aged 65 and over,Owned: Total,10525
Households,Central Ayrshire,Household Reference Person is aged 65 and over,Owned: Owned outright,9549
Households,Central Ayrshire,Household Reference Person is aged 65 and over,Owned: Owned with a mortgage or loan,906
Households,Central Ayrshire,Household Reference Person is aged 65 and over,Owned: Shared ownership (part owned and part rented),28
Households,Central Ayrshire,Household Reference Person is aged 65 and over,Owned: Shared Equity (e.g. LIFT or Help-to-Buy),46
Households,Central Ayrshire,Household Reference Person is aged 65 and over,Social Rented: Council (LA) or Housing Association/ Registered Social Landlord,2687
Households,Central Ayrshire,Household Reference Person is aged 65 and over,Private rented: Total,583
Households,Central Ayrshire,Household Reference Person is aged 65 and over,Private rented: Private landlord or letting agency,549
Households,Central Ayrshire,Household Reference Person is aged 65 and over,Private rented: Other,39
Households,Central Ayrshire,Household Reference Person is aged 65 and over,Lives Rent Free,270
Households,Kilmarnock and Loudoun,All Household Reference Persons aged 16 and over,All Household Reference Persons aged 16 and over,44098
Households,Kilmarnock and Loudoun,All Household Reference Persons aged 16 and over,Owned: Total,28452
Households,Kilmarnock and Loudoun,All Household Reference Persons aged 16 and over,Owned: Owned outright,14944
Households,Kilmarnock and Loudoun,All Household Reference Persons aged 16 and over,Owned: Owned with a mortgage or loan,13294
Households,Kilmarnock and Loudoun,All Household Reference Persons aged 16 and over,Owned: Shared ownership (part owned and part rented),37
Households,Kilmarnock and Loudoun,All Household Reference Persons aged 16 and over,Owned: Shared Equity (e.g. LIFT or Help-to-Buy),179
Households,Kilmarnock and Loudoun,All Household Reference Persons aged 16 and over,Social Rented: Council (LA) or Housing Association/ Registered Social Landlord,10792
Households,Kilmarnock and Loudoun,All Household Reference Persons aged 16 and over,Private rented: Total,4347
Households,Kilmarnock and Loudoun,All Household Reference Persons aged 16 and over,Private rented: Private landlord or letting agency,4195
Households,Kilmarnock and Loudoun,All Household Reference Persons aged 16 and over,Private rented: Other,156
Households,Kilmarnock and Loudoun,All Household Reference Persons aged 16 and over,Lives Rent Free,503
Households,Kilmarnock and Loudoun,Household Reference Person ages 16 to 34,All Household Reference Persons aged 16 and over,6501
Households,Kilmarnock and Loudoun,Household Reference Person ages 16 to 34,Owned: Total,2861
Households,Kilmarnock and Loudoun,Household Reference Person ages 16 to 34,Owned: Owned outright,333
Households,Kilmarnock and Loudoun,Household Reference Person ages 16 to 34,Owned: Owned with a mortgage or loan,2457
Households,Kilmarnock and Loudoun,Household Reference Person ages 16 to 34,Owned: Shared ownership (part owned and part rented),13
Households,Kilmarnock and Loudoun,Household Reference Person ages 16 to 34,Owned: Shared Equity (e.g. LIFT or Help-to-Buy),58
Households,Kilmarnock and Loudoun,Household Reference Person ages 16 to 34,Social Rented: Council (LA) or Housing Association/ Registered Social Landlord,2077
Households,Kilmarnock and Loudoun,Household Reference Person ages 16 to 34,Private rented: Total,1482
Households,Kilmarnock and Loudoun,Household Reference Person ages 16 to 34,Private rented: Private landlord or letting agency,1429
Households,Kilmarnock and Loudoun,Household Reference Person ages 16 to 34,Private rented: Other,53
Households,Kilmarnock and Loudoun,Household Reference Person ages 16 to 34,Lives Rent Free,82
Households,Kilmarnock and Loudoun,Household Reference Person is aged 35 to 49,All Household Reference Persons aged 16 and over,10203
Households,Kilmarnock and Loudoun,Household Reference Person is aged 35 to 49,Owned: Total,6254
Households,Kilmarnock and Loudoun,Household Reference Person is aged 35 to 49,Owned: Owned outright,926
Households,Kilmarnock and Loudoun,Household Reference Person is aged 35 to 49,Owned: Owned with a mortgage or loan,5253
Households,Kilmarnock and Loudoun,Household Reference Person is aged 35 to 49,Owned: Shared ownership (part owned and part rented),12
Households,Kilmarnock and Loudoun,Household Reference Person is aged 35 to 49,Owned: Shared Equity (e.g. LIFT or Help-to-Buy),66
Households,Kilmarnock and Loudoun,Household Reference Person is aged 35 to 49,Social Rented: Council (LA) or Housing Association/ Registered Social Landlord,2574
Households,Kilmarnock and Loudoun,Household Reference Person is aged 35 to 49,Private rented: Total,1289
Households,Kilmarnock and Loudoun,Household Reference Person is aged 35 to 49,Private rented: Private landlord or letting agency,1254
Households,Kilmarnock and Loudoun,Household Reference Person is aged 35 to 49,Private rented: Other,35
Households,Kilmarnock and Loudoun,Household Reference Person is aged 35 to 49,Lives Rent Free,86
Households,Kilmarnock and Loudoun,Household Reference Person is aged 50 to 64,All Household Reference Persons aged 16 and over,13842
Households,Kilmarnock and Loudoun,Household Reference Person is aged 50 to 64,Owned: Total,9495
Households,Kilmarnock and Loudoun,Household Reference Person is aged 50 to 64,Owned: Owned outright,4840
Households,Kilmarnock and Loudoun,Household Reference Person is aged 50 to 64,Owned: Owned with a mortgage or loan,4636
Households,Kilmarnock and Loudoun,Household Reference Person is aged 50 to 64,Owned: Shared ownership (part owned and part rented),5
Households,Kilmarnock and Loudoun,Household Reference Person is aged 50 to 64,Owned: Shared Equity (e.g. LIFT or Help-to-Buy),14
Households,Kilmarnock and Loudoun,Household Reference Person is aged 50 to 64,Social Rented: Council (LA) or Housing Association/ Registered Social Landlord,3251
Households,Kilmarnock and Loudoun,Household Reference Person is aged 50 to 64,Private rented: Total,1021
Households,Kilmarnock and Loudoun,Household Reference Person is aged 50 to 64,Private rented: Private landlord or letting agency,993
Households,Kilmarnock and Loudoun,Household Reference Person is aged 50 to 64,Private rented: Other,24
Households,Kilmarnock and Loudoun,Household Reference Person is aged 50 to 64,Lives Rent Free,79
Households,Kilmarnock and Loudoun,Household Reference Person is aged 65 and over,All Household Reference Persons aged 16 and over,13548
Households,Kilmarnock and Loudoun,Household Reference Person is aged 65 and over,Owned: Total,9842
Households,Kilmarnock and Loudoun,Household Reference Person is aged 65 and over,Owned: Owned outright,8845
Households,Kilmarnock and Loudoun,Household Reference Person is aged 65 and over,Owned: Owned with a mortgage or loan,948
Households,Kilmarnock and Loudoun,Household Reference Person is aged 65 and over,Owned: Shared ownership (part owned and part rented),10
Households,Kilmarnock and Loudoun,Household Reference Person is aged 65 and over,Owned: Shared Equity (e.g. LIFT or Help-to-Buy),39
Households,Kilmarnock and Loudoun,Household Reference Person is aged 65 and over,Social Rented: Council (LA) or Housing Association/ Registered Social Landlord,2891
Households,Kilmarnock and Loudoun,Household Reference Person is aged 65 and over,Private rented: Total,559
Households,Kilmarnock and Loudoun,Household Reference Person is aged 65 and over,Private rented: Private landlord or letting agency,519
Households,Kilmarnock and Loudoun,Household Reference Person is aged 65 and over,Private rented: Other,40
Households,Kilmarnock and Loudoun,Household Reference Person is aged 65 and over,Lives Rent Free,256
Households,West Aberdeenshire and Kincardine,All Household Reference Persons aged 16 and over,All Household Reference Persons aged 16 and over,41681
Households,West Aberdeenshire and Kincardine,All Household Reference Persons aged 16 and over,Owned: Total,32078
Households,West Aberdeenshire and Kincardine,All Household Reference Persons aged 16 and over,Owned: Owned outright,17101
Households,West Aberdeenshire and Kincardine,All Household Reference Persons aged 16 and over,Owned: Owned with a mortgage or loan,14489
Households,West Aberdeenshire and Kincardine,All Household Reference Persons aged 16 and over,Owned: Shared ownership (part owned and part rented),110
Households,West Aberdeenshire and Kincardine,All Household Reference Persons aged 16 and over,Owned: Shared Equity (e.g. LIFT or Help-to-Buy),378
Households,West Aberdeenshire and Kincardine,All Household Reference Persons aged 16 and over,Social Rented: Council (LA) or Housing Association/ Registered Social Landlord,4786
Households,West Aberdeenshire and Kincardine,All Household Reference Persons aged 16 and over,Private rented: Total,4051
Households,West Aberdeenshire and Kincardine,All Household Reference Persons aged 16 and over,Private rented: Private landlord or letting agency,3920
Households,West Aberdeenshire and Kincardine,All Household Reference Persons aged 16 and over,Private rented: Other,133
Households,West Aberdeenshire and Kincardine,All Household Reference Persons aged 16 and over,Lives Rent Free,764
Households,West Aberdeenshire and Kincardine,Household Reference Person ages 16 to 34,All Household Reference Persons aged 16 and over,4375
Households,West Aberdeenshire and Kincardine,Household Reference Person ages 16 to 34,Owned: Total,2577
Households,West Aberdeenshire and Kincardine,Household Reference Person ages 16 to 34,Owned: Owned outright,243
Households,West Aberdeenshire and Kincardine,Household Reference Person ages 16 to 34,Owned: Owned with a mortgage or loan,2191
Households,West Aberdeenshire and Kincardine,Household Reference Person ages 16 to 34,Owned: Shared ownership (part owned and part rented),13
Households,West Aberdeenshire and Kincardine,Household Reference Person ages 16 to 34,Owned: Shared Equity (e.g. LIFT or Help-to-Buy),127
Households,West Aberdeenshire and Kincardine,Household Reference Person ages 16 to 34,Social Rented: Council (LA) or Housing Association/ Registered Social Landlord,779
Households,West Aberdeenshire and Kincardine,Household Reference Person ages 16 to 34,Private rented: Total,891
Households,West Aberdeenshire and Kincardine,Household Reference Person ages 16 to 34,Private rented: Private landlord or letting agency,855
Households,West Aberdeenshire and Kincardine,Household Reference Person ages 16 to 34,Private rented: Other,36
Households,West Aberdeenshire and Kincardine,Household Reference Person ages 16 to 34,Lives Rent Free,128
Households,West Aberdeenshire and Kincardine,Household Reference Person is aged 35 to 49,All Household Reference Persons aged 16 and over,10776
Households,West Aberdeenshire and Kincardine,Household Reference Person is aged 35 to 49,Owned: Total,8190
Households,West Aberdeenshire and Kincardine,Household Reference Person is aged 35 to 49,Owned: Owned outright,1176
Households,West Aberdeenshire and Kincardine,Household Reference Person is aged 35 to 49,Owned: Owned with a mortgage or loan,6832
Households,West Aberdeenshire and Kincardine,Household Reference Person is aged 35 to 49,Owned: Shared ownership (part owned and part rented),16
Households,West Aberdeenshire and Kincardine,Household Reference Person is aged 35 to 49,Owned: Shared Equity (e.g. LIFT or Help-to-Buy),166
Households,West Aberdeenshire and Kincardine,Household Reference Person is aged 35 to 49,Social Rented: Council (LA) or Housing Association/ Registered Social Landlord,1122
Households,West Aberdeenshire and Kincardine,Household Reference Person is aged 35 to 49,Private rented: Total,1318
Households,West Aberdeenshire and Kincardine,Household Reference Person is aged 35 to 49,Private rented: Private landlord or letting agency,1295
Households,West Aberdeenshire and Kincardine,Household Reference Person is aged 35 to 49,Private rented: Other,22
Households,West Aberdeenshire and Kincardine,Household Reference Person is aged 35 to 49,Lives Rent Free,148
Households,West Aberdeenshire and Kincardine,Household Reference Person is aged 50 to 64,All Household Reference Persons aged 16 and over,13565
Households,West Aberdeenshire and Kincardine,Household Reference Person is aged 50 to 64,Owned: Total,10854
Households,West Aberdeenshire and Kincardine,Household Reference Person is aged 50 to 64,Owned: Owned outright,5928
Households,West Aberdeenshire and Kincardine,Household Reference Person is aged 50 to 64,Owned: Owned with a mortgage or loan,4849
Households,West Aberdeenshire and Kincardine,Household Reference Person is aged 50 to 64,Owned: Shared ownership (part owned and part rented),43
Households,West Aberdeenshire and Kincardine,Household Reference Person is aged 50 to 64,Owned: Shared Equity (e.g. LIFT or Help-to-Buy),34
Households,West Aberdeenshire and Kincardine,Household Reference Person is aged 50 to 64,Social Rented: Council (LA) or Housing Association/ Registered Social Landlord,1349
Households,West Aberdeenshire and Kincardine,Household Reference Person is aged 50 to 64,Private rented: Total,1175
Households,West Aberdeenshire and Kincardine,Household Reference Person is aged 50 to 64,Private rented: Private landlord or letting agency,1139
Households,West Aberdeenshire and Kincardine,Household Reference Person is aged 50 to 64,Private rented: Other,36
Households,West Aberdeenshire and Kincardine,Household Reference Person is aged 50 to 64,Lives Rent Free,187
Households,West Aberdeenshire and Kincardine,Household Reference Person is aged 65 and over,All Household Reference Persons aged 16 and over,12963
Households,West Aberdeenshire and Kincardine,Household Reference Person is aged 65 and over,Owned: Total,10457
Households,West Aberdeenshire and Kincardine,Household Reference Person is aged 65 and over,Owned: Owned outright,9754
Households,West Aberdeenshire and Kincardine,Household Reference Person is aged 65 and over,Owned: Owned with a mortgage or loan,617
Households,West Aberdeenshire and Kincardine,Household Reference Person is aged 65 and over,Owned: Shared ownership (part owned and part rented),34
Households,West Aberdeenshire and Kincardine,Household Reference Person is aged 65 and over,Owned: Shared Equity (e.g. LIFT or Help-to-Buy),48
Households,West Aberdeenshire and Kincardine,Household Reference Person is aged 65 and over,Social Rented: Council (LA) or Housing Association/ Registered Social Landlord,1536
Households,West Aberdeenshire and Kincardine,Household Reference Person is aged 65 and over,Private rented: Total,665
Households,West Aberdeenshire and Kincardine,Household Reference Person is aged 65 and over,Private rented: Private landlord or letting agency,629
Households,West Aberdeenshire and Kincardine,Household Reference Person is aged 65 and over,Private rented: Other,36
Households,West Aberdeenshire and Kincardine,Household Reference Person is aged 65 and over,Lives Rent Free,305
,,,,
,,,,
INFO,Data has been perturbed,,,
,,,,
,,,,
"Crown copyright 2024 For further information on variables, see https://www.scotlandscensus.gov.uk/about/metadata-a-to-z/ In order to protect against disclosure of personal information, Statistical Disclosure Control has been applied to the data/outputs.  Cells might not sum to sub totals and totals due to these Statistical Disclosure Controls. To find out more on this visit https://www.scotlandscensus.gov.uk/about/2022-census/statistical-methodology/statistical-disclosure-control/",,,,
,,,,
(c) Copyright WingArc Australia 2018,,,,
